AlertID,County,EndRoadwayLocation,EndTime,EventCategory,EventStatus,ExtendedDescription,HeadlineDescription,LastUpdatedTime,Priority,Region,StartRoadwayLocation,StartTime,timestamp,ta_id
624112,Grant,"{'Description': None, 'Direction': 'B', 'Latitude': 47.569251504, 'Longitude': -119.448502175, 'MilePost': 89.56, 'RoadName': '017'}",,Rest Area,Open,,The blue Lake rest area is closed for the winter.,/Date(1731629066113-0800)/,Low,North Central,"{'Description': None, 'Direction': 'B', 'Latitude': 47.569251504, 'Longitude': -119.448502175, 'MilePost': 89.56, 'RoadName': '017'}",/Date(1731628800000-0800)/,2025-01-30 15:37:13.277193,2
632850,,"{'Description': None, 'Direction': 'B', 'Latitude': 47.751398207, 'Longitude': -122.211697853, 'MilePost': 9.1, 'RoadName': '522'}",/Date(1738328400000-0800)/,Maintenance,Open,,"Nightly from 9 p.m. until 5 a.m. Sunday, Jan. 26, to Friday, Jan. 31, State Route 522 will fully close between Kaysner Way and Bothell Way Northeast for City of Bothell permitted work.",/Date(1737765776500-0800)/,Low,Northwest,"{'Description': None, 'Direction': 'B', 'Latitude': 47.759136062, 'Longitude': -122.199641306, 'MilePost': 10.19, 'RoadName': '522'}",/Date(1737765300000-0800)/,2025-01-30 15:37:13.277193,2
634326,Clark,"{'Description': None, 'Direction': 'W', 'Latitude': 45.602807789, 'Longitude': -122.547139434, 'MilePost': 6.3, 'RoadName': '014'}",,Maintenance,Open,,"Maintenance on SR 14 westbound from milepost 6.5 near I 205 Exit 6 to milepost 6.3 will have the right shoulder closed, use caution beginning at 10:52 am on January 30, 2025 until further notice. ",/Date(1738263238390-0800)/,Medium,Southwest,"{'Description': None, 'Direction': 'W', 'Latitude': 45.601880723, 'Longitude': -122.543270559, 'MilePost': 6.5, 'RoadName': '014'}",/Date(1738263120000-0800)/,2025-01-30 15:37:13.277193,2
632245,,"{'Description': None, 'Direction': 'B', 'Latitude': 47.878113571, 'Longitude': -122.109757509, 'MilePost': 6.75, 'RoadName': '096'}",/Date(1738371600000-0800)/,Maintenance,Open,,"Weekdays, from 7 a.m. to 5 p.m., Wednesday, Jan. 22 to Friday, Jan. 31, construction crews will alternate traffic on State Route 96 in Snohomish between East Lowell Larimer Road (milepost 5) and SR 9 (milepost 6) for utility work.",/Date(1737148405100-0800)/,Medium,Northwest,"{'Description': None, 'Direction': 'B', 'Latitude': 47.891081917, 'Longitude': -122.144443821, 'MilePost': 4.8, 'RoadName': '096'}",/Date(1737148080000-0800)/,2025-01-30 15:37:13.277193,2
632835,,"{'Description': None, 'Direction': 'B', 'Latitude': 47.504307562, 'Longitude': -121.884570895, 'MilePost': 27.59, 'RoadName': '018'}",,Construction,Open,,Eastbound and westbound SR 18 will shift to the new westbound lanes between Raging River and Deep Creek to allow for rehab of the existing lanes. Please slow down and use caution in the transition areas.,/Date(1737761204897-0800)/,Low,Northwest,"{'Description': None, 'Direction': 'B', 'Latitude': 47.486733564, 'Longitude': -121.888301248, 'MilePost': 26.36, 'RoadName': '018'}",/Date(1738155600000-0800)/,2025-01-30 15:37:13.277193,2
632782,,"{'Description': None, 'Direction': 'S', 'Latitude': 47.421505105, 'Longitude': -122.286092402, 'MilePost': 151.28, 'RoadName': '005'}",/Date(1738152000000-0800)/,Construction,Open,,"Tuesday, Jan. 27 to the morning of Wednesday, Jan. 28 - The southbound I-5 ramp to SR 516 will be closed from 11:30 p.m. to 4 a.m. for ramp construction work.",/Date(1737738428410-0800)/,Medium,Northwest,"{'Description': None, 'Direction': 'S', 'Latitude': 47.391512313, 'Longitude': -122.291071001, 'MilePost': 149.18, 'RoadName': '005'}",/Date(1737738900000-0800)/,2025-01-30 15:37:13.277193,2
626160,Spokane,"{'Description': None, 'Direction': 'B', 'Latitude': 47.66376145, 'Longitude': -117.312807889, 'MilePost': 286.24, 'RoadName': '090'}",,Road Report,Open,,"I-90 from US195 to Broadway, road conditions are: bare and dry.",/Date(1738278919147-0800)/,Low,Eastern,"{'Description': None, 'Direction': 'B', 'Latitude': 47.645344905, 'Longitude': -117.454060605, 'MilePost': 279.2, 'RoadName': '090'}",/Date(1738278900000-0800)/,2025-01-30 15:37:13.277193,2
553621,,"{'Description': None, 'Direction': 'N', 'Latitude': 47.677020945, 'Longitude': -117.363754372, 'MilePost': 240.0, 'RoadName': 'Greene'}",,Construction,Open,,Construction has closed E. South Riverton Avenue between Fiske and Ermina Avenue near Spokane Community College. The closure is part of work happening for the North Spokane Corridor River Crossing project.,/Date(1686860415350-0700)/,Medium,Eastern,"{'Description': None, 'Direction': 'N', 'Latitude': 47.677020945, 'Longitude': -117.363754372, 'MilePost': 240.0, 'RoadName': 'Greene'}",/Date(1685973600000-0700)/,2025-01-30 15:37:13.277193,2
583671,,"{'Description': None, 'Direction': 'W', 'Latitude': 47.579650228, 'Longitude': -122.151067673, 'MilePost': 11.03, 'RoadName': '090'}",/Date(1771765200000-0800)/,Construction,Open,,"The westbound I-90 HOV lane will close between I-405 and 142nd Place Southeast for up to two years starting at 9 p.m. Monday, Feb. 26.

The long-term closure of the 142nd Place Southeast HOV on-ramp to westbound I-90 begins at the same time. Signed detours will be available.",/Date(1708723313933-0800)/,Medium,Northwest,"{'Description': None, 'Direction': 'W', 'Latitude': 47.580257883, 'Longitude': -122.178881386, 'MilePost': 9.72, 'RoadName': '090'}",/Date(1708723080000-0800)/,2025-01-30 15:37:13.277193,2
626164,Spokane,"{'Description': None, 'Direction': 'B', 'Latitude': 47.587515659, 'Longitude': -117.403090177, 'MilePost': 91.18, 'RoadName': '195'}",,Road Report,Open,,"US195 from Rosalia to Spokane, road conditions are: bare and dry.",/Date(1738279084017-0800)/,Low,Eastern,"{'Description': None, 'Direction': 'B', 'Latitude': 47.253450503, 'Longitude': -117.361052472, 'MilePost': 65.78, 'RoadName': '195'}",/Date(1738279080000-0800)/,2025-01-30 15:37:13.277193,2
632767,,"{'Description': None, 'Direction': 'N', 'Latitude': 47.548771921, 'Longitude': -122.312053774, 'MilePost': 161.23, 'RoadName': '005'}",/Date(1738018800000-0800)/,Maintenance,Open,,"From 6 a.m. to 3 p.m.  Monday, Jan. 27, bridge crews will close the right lane of northbound Interstate 5 in South Seattle between just north of Military Road and South Lucile Street for expansion joint and bridge deck repairs.",/Date(1737742149573-0800)/,Low,Northwest,"{'Description': None, 'Direction': 'N', 'Latitude': 47.530649577, 'Longitude': -122.293803363, 'MilePost': 159.7, 'RoadName': '005'}",/Date(1737731760000-0800)/,2025-01-30 15:37:13.277193,2
468632,,"{'Description': None, 'Direction': 'B', 'Latitude': 47.6390387, 'Longitude': -122.220590099, 'MilePost': 5.0, 'RoadName': '520'}",,Flammable Cargo Restriction,Open,,Flammable cargo is prohibited on SR 520 eastbound & westbound from Montlake Blvd (MP 1) to 84th Ave NE (MP 5).,/Date(1631541620707-0700)/,High,Northwest,"{'Description': None, 'Direction': 'B', 'Latitude': 47.644373883, 'Longitude': -122.303082155, 'MilePost': 1.0, 'RoadName': '520'}",/Date(1631541540000-0700)/,2025-01-30 15:37:13.277193,2
619219,,"{'Description': None, 'Direction': 'B', 'Latitude': 47.678713174, 'Longitude': -117.363494541, 'MilePost': 80.0, 'RoadName': 'Upriver'}",,Construction,Open,,Upriver Drive will have intermittent single lane closures through the work zone. Watch for flaggers directing traffic through the area.,/Date(1738250900920-0800)/,High,Eastern,"{'Description': None, 'Direction': 'B', 'Latitude': 47.677765521, 'Longitude': -117.359909911, 'MilePost': 90.0, 'RoadName': 'Upriver'}",/Date(1728660660000-0700)/,2025-01-30 15:37:13.277193,2
632725,,"{'Description': None, 'Direction': 'N', 'Latitude': 47.770253623, 'Longitude': -122.321461482, 'MilePost': 177.21, 'RoadName': '005'}",/Date(1738328400000-0800)/,Construction,Open,,"Sound Transit contractor crews will close the two right lanes on northbound I-5 between Northeast 175th Street and Northeast 190th Street from 11 p.m. to 5 a.m. nightly Monday, Jan. 27 through the morning of Friday, Jan. 31. The Northeast 175th Street on-ramp to northbound I-5 will also close at the same time.",/Date(1737671790587-0800)/,Medium,Northwest,"{'Description': None, 'Direction': 'N', 'Latitude': 47.7543661, 'Longitude': -122.329989762, 'MilePost': 176.03, 'RoadName': '005'}",/Date(1737678840000-0800)/,2025-01-30 15:37:13.277193,2
627390,,"{'Description': None, 'Direction': 'B', 'Latitude': 47.768888142, 'Longitude': -121.077478103, 'MilePost': 66.44, 'RoadName': '002'}",/Date(1743438420000-0700)/,Other,Open,,NO PARKING on US 2 Stevens Pass between milepost 58.50 and 66.40. Violators may be ticketed and/or towed.,/Date(1733592970297-0800)/,Low,North Central,"{'Description': None, 'Direction': 'B', 'Latitude': 47.710853696, 'Longitude': -121.1585276, 'MilePost': 58.5, 'RoadName': '002'}",/Date(1733592420000-0800)/,2025-01-30 15:37:13.277193,2
632732,,"{'Description': None, 'Direction': 'S', 'Latitude': 47.399324691, 'Longitude': -122.296782974, 'MilePost': 15.9, 'RoadName': '099'}",/Date(1737982800000-0800)/,Construction,Open,,"The HOV lane on southbound SR 99 will close from 8 p.m. Friday, Jan. 23, until 5 a.m. Monday, Jan. 27, for sidewalk improvements at the intersection of southbound SR 99 and South 224th Street. 

South 224th Street also will close at the intersection of southbound SR 99 at the same times. Signed detours will be available.",/Date(1737673574943-0800)/,Medium,Northwest,"{'Description': None, 'Direction': 'S', 'Latitude': 47.402013149, 'Longitude': -122.297998288, 'MilePost': 16.1, 'RoadName': '099'}",/Date(1737673320000-0800)/,2025-01-30 15:37:13.277193,2
630658,,"{'Description': None, 'Direction': 'B', 'Latitude': 47.246321462, 'Longitude': -122.293870451, 'MilePost': 33.05, 'RoadName': '161'}",/Date(1738328400000-0800)/,Construction,Open,,"From 8 p.m. to 5 a.m. nightly, Sunday night through Friday mornings, one lane will close on northbound and southbound SR 161 in Milton and Federal Way for utility work. 

At least one lane will remain open in each direction during this overnight work. 

Construction is expected to occur in this area through January 2025.",/Date(1735665533590-0800)/,Low,Northwest,"{'Description': None, 'Direction': 'B', 'Latitude': 47.239575759, 'Longitude': -122.293932055, 'MilePost': 32.58, 'RoadName': '161'}",/Date(1735665120000-0800)/,2025-01-30 15:37:13.277193,2
626163,Whitman,"{'Description': None, 'Direction': 'B', 'Latitude': 47.253450503, 'Longitude': -117.361052472, 'MilePost': 65.78, 'RoadName': '195'}",,Road Report,Open,,"US195 from Pullman to Rosalia, road conditions are: bare and dry.",/Date(1738278971607-0800)/,Low,Eastern,"{'Description': None, 'Direction': 'B', 'Latitude': 46.738118033, 'Longitude': -117.227268231, 'MilePost': 22.53, 'RoadName': '195'}",/Date(1738278960000-0800)/,2025-01-30 15:37:13.277193,2
632838,,"{'Description': None, 'Direction': 'N', 'Latitude': 47.797926866, 'Longitude': -122.219982668, 'MilePost': 27.1, 'RoadName': '405'}",/Date(1738328400000-0800)/,Construction,Open,,"The left general-purpose lane of northbound I-405 from milepost 24.42 to milepost 27.10 will be closed nightly from 8:30 p.m. Monday, Jan. 27 to 5 a.m. Friday, Jan. 31",/Date(1737762121970-0800)/,Low,Northwest,"{'Description': None, 'Direction': 'N', 'Latitude': 47.767811216, 'Longitude': -122.188997198, 'MilePost': 24.42, 'RoadName': '405'}",/Date(1737964800000-0800)/,2025-01-30 15:37:13.277193,2
605117,,"{'Description': None, 'Direction': 'B', 'Latitude': 48.493841392, 'Longitude': -121.639301611, 'MilePost': 95.29, 'RoadName': '020'}",,Construction,Open,,"Until further notice, from 7 a.m. to 5:30 p.m. Monday through Friday, contractor crews will intermittently alternate traffic on State Route 20 east of Concrete between Sauk Store Road (milepost 94) and Hornbeck Lane (milepost 95) for road construction related to a fish passage project. The work is expected to end at noon on Fridays.",/Date(1720813528927-0700)/,Medium,Northwest,"{'Description': None, 'Direction': 'B', 'Latitude': 48.504224038, 'Longitude': -121.651423918, 'MilePost': 94.37, 'RoadName': '020'}",/Date(1720811400000-0700)/,2025-01-30 15:37:13.277193,2
632839,,"{'Description': None, 'Direction': 'S', 'Latitude': 47.768147294, 'Longitude': -122.189481284, 'MilePost': 24.45, 'RoadName': '405'}",/Date(1738328400000-0800)/,Construction,Open,,"The right general-purpose lane of southbound I-405 from milepost 21 to milepost 24.45 will be closed nightly from 10 p.m. Monday, Jan. 27 to 5 a.m. Friday, Jan. 31.",/Date(1737762247627-0800)/,Low,Northwest,"{'Description': None, 'Direction': 'S', 'Latitude': 47.719601573, 'Longitude': -122.188325033, 'MilePost': 21.0, 'RoadName': '405'}",/Date(1737964800000-0800)/,2025-01-30 15:37:13.277193,2
632831,,"{'Description': None, 'Direction': 'W', 'Latitude': 47.508587359, 'Longitude': -121.887224726, 'MilePost': 25.5, 'RoadName': '090'}",/Date(1738112400000-0800)/,Construction,Open,,"The left lane and shoulder of westbound I-90 will close near SR 18 from 9 a.m. to 5 p.m. daily Monday and Tuesday, Jan. 27-28, for construction of a diverging diamond interchange.",/Date(1737760773137-0800)/,Low,Northwest,"{'Description': None, 'Direction': 'W', 'Latitude': 47.509875603, 'Longitude': -121.876675992, 'MilePost': 26.0, 'RoadName': '090'}",/Date(1737760680000-0800)/,2025-01-30 15:37:13.277193,2
632777,,"{'Description': None, 'Direction': 'S', 'Latitude': 47.243100121, 'Longitude': -122.340617612, 'MilePost': 0.94, 'RoadName': '099'}",/Date(1738365000000-0800)/,Construction,Open,,"Monday, Jan. 27 to Friday, Jan. 31 - One lane of southbound SR 99 between 70th Avenue East and the Wapato Way roundabout will be closed daily from 6 a.m. to 3 p.m. for sidewalk and curb construction.",/Date(1737737937890-0800)/,Medium,Olympic,"{'Description': None, 'Direction': 'S', 'Latitude': 47.245034201, 'Longitude': -122.336548488, 'MilePost': 1.18, 'RoadName': '099'}",/Date(1737738600000-0800)/,2025-01-30 15:37:13.277193,2
632730,,"{'Description': None, 'Direction': 'N', 'Latitude': 47.799343554, 'Longitude': -122.314359661, 'MilePost': 179.28, 'RoadName': '005'}",/Date(1738330200000-0800)/,Construction,Open,,"Sound Transit contractor crews will close the two right lanes on northbound I-5 between 236th Street Southwest and 220th Street Southwest from 10 p.m. to 5:30 a.m. nightly Monday, Jan. 27 through the morning of Friday, Jan. 31.",/Date(1737672371313-0800)/,Medium,Northwest,"{'Description': None, 'Direction': 'N', 'Latitude': 47.785017381, 'Longitude': -122.316118762, 'MilePost': 178.28, 'RoadName': '005'}",/Date(1737679440000-0800)/,2025-01-30 15:37:13.277193,2
632832,,"{'Description': None, 'Direction': 'E', 'Latitude': 47.509454092, 'Longitude': -121.876857686, 'MilePost': 26.0, 'RoadName': '090'}",/Date(1738285200000-0800)/,Construction,Open,,"The left lane and shoulder of eastbound I-90 will close from 9 a.m. to 5 p.m. daily Wednesday, Jan. 28, through Thursday, Jan. 30, for construction of a diverging diamond interchange.",/Date(1737760860633-0800)/,Low,Northwest,"{'Description': None, 'Direction': 'E', 'Latitude': 47.507711789, 'Longitude': -121.887257203, 'MilePost': 25.5, 'RoadName': '090'}",/Date(1737760740000-0800)/,2025-01-30 15:37:13.277193,2
632726,,"{'Description': None, 'Direction': 'E', 'Latitude': 47.666503277, 'Longitude': -122.129498217, 'MilePost': 11.69, 'RoadName': '520'}",/Date(1738504800000-0800)/,Construction,Open,,"Sound Transit contractor crews will close the right lane on eastbound SR 520 between Northeast 51st Street and West Lake Sammamish Parkway from 9 p.m. on Saturday, Feb. 1 until 6 a.m. on Sunday, Feb. 2.",/Date(1737671979893-0800)/,Medium,Northwest,"{'Description': None, 'Direction': 'E', 'Latitude': 47.654420058, 'Longitude': -122.137714867, 'MilePost': 10.74, 'RoadName': '520'}",/Date(1737678960000-0800)/,2025-01-30 15:37:13.277193,2
634321,Jefferson,"{'Description': None, 'Direction': 'S', 'Latitude': 47.638815007, 'Longitude': -122.940718996, 'MilePost': 311.0, 'RoadName': '101'}",/Date(1738281600000-0800)/,Road work,Open,,"Road work on US 101 southbound from milepost 310.19 near Duckabush River to milepost 311 near Canal View St beginning at 10:19 am on January 30, 2025 until about 4:00 pm. ",/Date(1738261402130-0800)/,High,Olympic,"{'Description': None, 'Direction': 'S', 'Latitude': 47.649434251, 'Longitude': -122.934472641, 'MilePost': 310.19, 'RoadName': '101'}",/Date(1738261140000-0800)/,2025-01-30 15:37:13.277193,2
632833,,"{'Description': None, 'Direction': 'B', 'Latitude': 47.504307562, 'Longitude': -121.884570895, 'MilePost': 27.59, 'RoadName': '018'}",/Date(1738155600000-0800)/,Construction,Open,,"SR 18 will be reduced to a single lane with flaggers and pilot vehicles alternating traffic from 9 p.m. Tuesday, Jan. 28, to 5 a.m. Wednesday, Jan. 29, between Raging River and Lake Creek to set barrier and restripe to shift lanes to new pavement. This work is weather dependent and may be rescheduled.",/Date(1737761092637-0800)/,Low,Northwest,"{'Description': None, 'Direction': 'B', 'Latitude': 47.486733564, 'Longitude': -121.888301248, 'MilePost': 26.36, 'RoadName': '018'}",/Date(1737760860000-0800)/,2025-01-30 15:37:13.277193,2
626158,Lincoln,"{'Description': None, 'Direction': 'B', 'Latitude': 47.433126691, 'Longitude': -117.793785086, 'MilePost': 257.42, 'RoadName': '090'}",,Road Report,Open,,"I-90 from Ritzville to SR 904, road conditions: bare and dry.",/Date(1738279025287-0800)/,Low,Eastern,"{'Description': None, 'Direction': 'B', 'Latitude': 47.111077833, 'Longitude': -118.403449311, 'MilePost': 220.1, 'RoadName': '090'}",/Date(1738279020000-0800)/,2025-01-30 15:37:13.277193,2
595398,,"{'Description': None, 'Direction': 'B', 'Latitude': 48.06116835, 'Longitude': -124.152206272, 'MilePost': 209.88, 'RoadName': '101'}",/Date(1759269900000-0700)/,Construction,Open,,"Expect shifted lanes and a reduced 40 mph speed limit on US 101 east of Forks for a <a href=""https://wsdot.wa.gov/construction-planning/search-projects/us-101-northwest-us-101-remove-fish-barriers"">fish barrier removal project.</a>",/Date(1727384646930-0700)/,Medium,Olympic,"{'Description': None, 'Direction': 'B', 'Latitude': 48.061818294, 'Longitude': -124.175522334, 'MilePost': 208.8, 'RoadName': '101'}",/Date(1714687500000-0700)/,2025-01-30 15:37:13.277193,2
626167,Spokane,"{'Description': None, 'Direction': 'B', 'Latitude': 47.990618569, 'Longitude': -117.541458147, 'MilePost': 184.0, 'RoadName': '395'}",,Road Report,Open,,US395 from Spokane to Clayton road conditions are: Bare and dry.,/Date(1738279068280-0800)/,Low,Eastern,"{'Description': None, 'Direction': 'B', 'Latitude': 47.745976519, 'Longitude': -117.411422132, 'MilePost': 164.96, 'RoadName': '395'}",/Date(1738279020000-0800)/,2025-01-30 15:37:13.277193,2
632779,,"{'Description': None, 'Direction': 'S', 'Latitude': 47.421505105, 'Longitude': -122.286092402, 'MilePost': 151.28, 'RoadName': '005'}",/Date(1738065900000-0800)/,Construction,Open,,"Monday, Jan. 27 to Tuesday, Jan. 28 - The southbound I-5 ramp to SR 516 will close from 11:30 p.m. to 4 a.m. When it reopens on Tuesday, the entrance to the off-ramp will be located approximately a half mile north of its existing location.",/Date(1737738313800-0800)/,Medium,Northwest,"{'Description': None, 'Direction': 'S', 'Latitude': 47.391512313, 'Longitude': -122.291071001, 'MilePost': 149.18, 'RoadName': '005'}",/Date(1737738900000-0800)/,2025-01-30 15:37:13.277193,2
634012,,"{'Description': None, 'Direction': 'N', 'Latitude': 47.578740986, 'Longitude': -122.174072238, 'MilePost': 11.0, 'RoadName': '405'}",/Date(1738242000000-0800)/,Construction,Open,,"Up to two lanes of northbound I-405 from 112th Avenue Southeast / Lake Washington Boulevard (milepost 10) to I-90 (milepost 11) will be closed overnight, 8:30 p.m. Wednesday, Jan. 29 – 5 a.m. Thursday, Jan. 30.",/Date(1737998440453-0800)/,Low,Northwest,"{'Description': None, 'Direction': 'N', 'Latitude': 47.566080979, 'Longitude': -122.183126651, 'MilePost': 10.0, 'RoadName': '405'}",/Date(1738137600000-0800)/,2025-01-30 15:37:13.277193,2
625012,,"{'Description': None, 'Direction': 'B', 'Latitude': 48.321252974, 'Longitude': -124.461801876, 'MilePost': 5.6, 'RoadName': '112'}",/Date(1740783600000-0800)/,Construction,Open,,Around-the-clock alternating one-way traffic and a reduced speed limit of 25 mph in in place on SR 112 at milepost 5.5 until further notice.,/Date(1732319764840-0800)/,Medium,Olympic,"{'Description': None, 'Direction': 'B', 'Latitude': 48.321707016, 'Longitude': -124.463835266, 'MilePost': 5.5, 'RoadName': '112'}",/Date(1732319520000-0800)/,2025-01-30 15:37:13.277193,2
565164,,"{'Description': None, 'Direction': 'B', 'Latitude': 47.0004048, 'Longitude': -123.405193108, 'MilePost': 20.09, 'RoadName': '012'}",/Date(1767208860000-0800)/,Construction,Open,,"US 12 is reduced to one lane in each direction between South 3rd Street and Schouweiler Road near Elma with both lanes on the eastbound side of the highway. The speed limit is reduced to 50 mph for a <a href=""https://wsdot.wa.gov/construction-planning/search-projects/us-12-sr-8-grays-harbor-county-fish-passage-barriers-remove-fish-barriers"">fish barrier removal project</a>.",/Date(1729024454560-0700)/,Medium,Olympic,"{'Description': None, 'Direction': 'B', 'Latitude': 46.995549394, 'Longitude': -123.439327137, 'MilePost': 18.41, 'RoadName': '012'}",/Date(1694197260000-0700)/,2025-01-30 15:37:13.277193,2
622592,,"{'Description': None, 'Direction': 'B', 'Latitude': 46.866219822, 'Longitude': -121.540326433, 'MilePost': 16.28, 'RoadName': '123'}",,Closure,Open,,SR 123 Cayuse Pass is now closed for the season between Crystal Mountain Boulevard and US 12 due to heavy snowfall and avalanche danger. The pass will reopen sometime in late spring 2025.,/Date(1730830168253-0800)/,Highest,Northwest,"{'Description': None, 'Direction': 'B', 'Latitude': 46.685425099, 'Longitude': -121.578779227, 'MilePost': 0.0, 'RoadName': '123'}",/Date(1730473680000-0700)/,2025-01-30 15:37:13.277193,2
626161,Spokane,"{'Description': None, 'Direction': 'B', 'Latitude': 47.696625598, 'Longitude': -117.041688607, 'MilePost': 299.82, 'RoadName': '090'}",,Road Report,Open,,"I-90 from Broadway to the Idaho State Line, road conditions are: Bare and dry.",/Date(1738278948540-0800)/,Low,Eastern,"{'Description': None, 'Direction': 'B', 'Latitude': 47.66376145, 'Longitude': -117.312807889, 'MilePost': 286.24, 'RoadName': '090'}",/Date(1738278900000-0800)/,2025-01-30 15:37:13.277193,2
626162,Whitman,"{'Description': None, 'Direction': 'B', 'Latitude': 46.738118033, 'Longitude': -117.227268231, 'MilePost': 22.53, 'RoadName': '195'}",,Road Report,Open,,"US195 from Idaho State Line to Pullman, road conditions are: bare and dry.",/Date(1738279108913-0800)/,Low,Eastern,"{'Description': None, 'Direction': 'B', 'Latitude': 46.474311684, 'Longitude': -117.046253699, 'MilePost': 0.0, 'RoadName': '195'}",/Date(1738279080000-0800)/,2025-01-30 15:37:13.277193,2
632810,,"{'Description': None, 'Direction': 'N', 'Latitude': 47.818368146, 'Longitude': -122.138201238, 'MilePost': 2.54, 'RoadName': '009'}",/Date(1738101600000-0800)/,Maintenance,Open,,"Daily from 7 a.m. to 2 p.m. Monday, Jan. 27 and Tuesday, Jan. 28, SnoPUD crews will close the right lane of northbound State Route 9/Woodinville Snohomish Road in Snohomish between 201st Street Southeast (milepost 2) and 197th Street Southeast (milepost 3) for tree trimming.",/Date(1737747904767-0800)/,Low,Northwest,"{'Description': None, 'Direction': 'N', 'Latitude': 47.814505964, 'Longitude': -122.140065342, 'MilePost': 2.26, 'RoadName': '009'}",/Date(1737747660000-0800)/,2025-01-30 15:37:13.277193,2
599536,,"{'Description': None, 'Direction': 'B', 'Latitude': 46.726541279, 'Longitude': -122.976950025, 'MilePost': 82.7, 'RoadName': '005'}",,Construction,Open,,"Beginning Monday, June 3, and continuing until further notice: Travelers in both directions of I-5 between 13th Street (milepost 76) and Harrison Avenue (milepost 82) will encounter shoulder closures and slight delays along the following on-ramps: 

Northbound I-5 ramp meter locations
Exit 76 – 13th Street 
Exit 77 – State Route 6
Exit 79 – Chamber Way

Southbound I-5 ramp meter locations
Exit 77 – SR 6 
Exit 79 – Chamber Way
Exit 81 - SR 507 Mellen Street
Exit 82 - Harrison Avenue",/Date(1717186811373-0700)/,Medium,Southwest,"{'Description': None, 'Direction': 'B', 'Latitude': 46.642995293, 'Longitude': -122.953081815, 'MilePost': 76.2, 'RoadName': '005'}",/Date(1717408800000-0700)/,2025-01-30 15:37:13.277193,2
632784,,"{'Description': None, 'Direction': 'S', 'Latitude': 47.391512313, 'Longitude': -122.291071001, 'MilePost': 149.18, 'RoadName': '005'}",/Date(1738332300000-0800)/,Construction,Open,,"Monday, Jan. 27 to the morning of Friday, Jan. 31 - Up to four lanes of southbound I-5 between South 200th Street and SR 516 will close nightly from 11:30 p.m. to 6 a.m. for construction work.",/Date(1737738546453-0800)/,Medium,Northwest,"{'Description': None, 'Direction': 'S', 'Latitude': 47.421505105, 'Longitude': -122.286092402, 'MilePost': 151.28, 'RoadName': '005'}",/Date(1737738600000-0800)/,2025-01-30 15:37:13.277193,2
580194,,"{'Description': None, 'Direction': 'E', 'Latitude': 47.579097513, 'Longitude': -122.190627037, 'MilePost': 9.14, 'RoadName': '090'}",,Maintenance,Open,,"Starting Sunday, March 17 on eastbound I-90 from East Mercer Way to Bellevue Way Southeast, a temporary lane-shift is in-place with a reduced speed limit to 45 mph due to a failing expansion joint until further notice.",/Date(1711056005240-0700)/,Medium,Northwest,"{'Description': None, 'Direction': 'E', 'Latitude': 47.577869379, 'Longitude': -122.207390078, 'MilePost': 8.35, 'RoadName': '090'}",/Date(1705557600000-0800)/,2025-01-30 15:37:13.277193,2
633999,,"{'Description': None, 'Direction': 'N', 'Latitude': 47.483958118, 'Longitude': -122.196426083, 'MilePost': 4.0, 'RoadName': '405'}",/Date(1738065600000-0800)/,Construction,Open,,"Up to three lanes of northbound I-405 from the northbound I-5 off-ramp (milepost 0.48) and the SR 169 off-ramp (milepost 4) will be closed overnight, 11:59 p.m. Monday, Jan. 27 – 4 a.m. Tuesday, Jan. 28.",/Date(1737996364673-0800)/,Low,Northwest,"{'Description': None, 'Direction': 'N', 'Latitude': 47.461846593, 'Longitude': -122.255208143, 'MilePost': 0.48, 'RoadName': '405'}",/Date(1737964800000-0800)/,2025-01-30 15:37:13.277193,2
632806,,"{'Description': None, 'Direction': 'B', 'Latitude': 48.963981175, 'Longitude': -122.401570013, 'MilePost': 3.8, 'RoadName': '546'}",/Date(1738328400000-0800)/,Construction,Open,,"Nightly from 9 p.m. to 5 a.m. Tuesday, Jan. 28 to Friday morning, Jan. 31, Ziply crews will alternate traffic on State Route 546/East Badger Road in Lynden between Benson Road (milepost 1) and east of Northwood Road (milepost 4) for utility work.",/Date(1737746274380-0800)/,Low,Northwest,"{'Description': None, 'Direction': 'B', 'Latitude': 48.96460937, 'Longitude': -122.463150851, 'MilePost': 1.0, 'RoadName': '546'}",/Date(1737745980000-0800)/,2025-01-30 15:37:13.277193,2
626171,Adams,"{'Description': None, 'Direction': 'B', 'Latitude': 46.758850651, 'Longitude': -118.318717045, 'MilePost': 82.5, 'RoadName': '026'}",,Road Report,Open,,"SR26 from US395 to Washtucna, road conditions are: bare and dry.",/Date(1738279011380-0800)/,Low,Eastern,"{'Description': None, 'Direction': 'B', 'Latitude': 46.791936981, 'Longitude': -118.739918005, 'MilePost': 61.5, 'RoadName': '026'}",/Date(1738278960000-0800)/,2025-01-30 15:37:13.277193,2
634019,,"{'Description': None, 'Direction': 'S', 'Latitude': 47.532629407, 'Longitude': -122.197421459, 'MilePost': 7.5, 'RoadName': '405'}",/Date(1738328400000-0800)/,Construction,Open,,"Up to two lanes of southbound I-405 from 112th Avenue Southeast / Lake Washington Boulevard (milepost 9) to Northeast 30th Street (milepost 7.5) will be closed nightly, 10:30 p.m. Monday, Jan. 27 – 5 a.m. Friday, Jan. 31.",/Date(1737999275587-0800)/,Low,Northwest,"{'Description': None, 'Direction': 'S', 'Latitude': 47.55366735, 'Longitude': -122.192640092, 'MilePost': 9.0, 'RoadName': '405'}",/Date(1737964800000-0800)/,2025-01-30 15:37:13.277193,2
632788,,"{'Description': None, 'Direction': 'N', 'Latitude': 47.463851849, 'Longitude': -122.217754953, 'MilePost': 26.0, 'RoadName': '167'}",/Date(1738414800000-0800)/,Construction,Open,,"Monday, January 27 to the morning of Saturday, February 1: Up to two lanes of northbound SR 167 from Ellingson Road (milepost 13.0) to I-405 (milepost 26.0) will be closed nightly, from 7:00 p.m. – 5:00 a.m.",/Date(1737741249113-0800)/,Low,Northwest,"{'Description': None, 'Direction': 'N', 'Latitude': 47.28344475, 'Longitude': -122.258245751, 'MilePost': 13.0, 'RoadName': '167'}",/Date(1737964800000-0800)/,2025-01-30 15:37:13.277193,2
632818,,"{'Description': None, 'Direction': 'B', 'Latitude': 47.805012575, 'Longitude': -122.114164792, 'MilePost': 14.2, 'RoadName': '524'}",/Date(1738072800000-0800)/,Maintenance,Open,,"From 9 p.m. Monday, Jan. 27 to 6 a.m. Tuesday, Jan. 28, Ziply crews will alternate traffic on State Route 524/Maltby Road in Snohomish between State Route 9 (milepost 12) and Broadway (milepost 14) for utility work.",/Date(1737751021327-0800)/,Medium,Northwest,"{'Description': None, 'Direction': 'B', 'Latitude': 47.804839329, 'Longitude': -122.144272547, 'MilePost': 12.8, 'RoadName': '524'}",/Date(1737747900000-0800)/,2025-01-30 15:37:13.277193,2
622483,,"{'Description': None, 'Direction': 'B', 'Latitude': 46.915807987, 'Longitude': -121.37880493, 'MilePost': 77.0, 'RoadName': '410'}",,Pass Closure,Open,,"SR 410 Chinook Pass is closed for the season due to adverse conditions and avalanche risk. Eastbound closure is at milepost 57, Crystal Mountain Boulevard, 12 miles west of the summit. Westbound closure is at milepost 77, Lodgepole Campground, 8 miles east of the summit.",/Date(1735838886440-0800)/,High,South Central,"{'Description': None, 'Direction': 'B', 'Latitude': 46.986892186, 'Longitude': -121.534643131, 'MilePost': 57.0, 'RoadName': '410'}",/Date(1730398980000-0700)/,2025-01-30 15:37:13.277193,2
634018,,"{'Description': None, 'Direction': 'S', 'Latitude': 47.484053902, 'Longitude': -122.196649744, 'MilePost': 4.0, 'RoadName': '405'}",/Date(1738240200000-0800)/,Construction,Open,,"Up to two lanes of southbound I-405 from SR 900 (milepost 5.26) to Sunset Boulevard Northeast (milepost 4) will be closed nightly,10:30 p.m. Tuesday, Jan. 28 – 4:30 a.m. Thursday, Jan. 30",/Date(1737999214847-0800)/,Low,Northwest,"{'Description': None, 'Direction': 'S', 'Latitude': 47.500402293, 'Longitude': -122.195996053, 'MilePost': 5.26, 'RoadName': '405'}",/Date(1738051200000-0800)/,2025-01-30 15:37:13.277193,2
564092,,"{'Description': None, 'Direction': 'B', 'Latitude': 47.051983685, 'Longitude': -123.213078456, 'MilePost': 9.88, 'RoadName': '008'}",/Date(1767205980000-0800)/,Construction,Open,,"SR 8 is reduced to one lane in each direction near Mox Chehalis Road east of McCleary. The speed limit is reduced to 50 mph for a <a href=""https://wsdot.wa.gov/construction-planning/search-projects/us-12-sr-8-grays-harbor-county-fish-passage-barriers-remove-fish-barriers"">fish barrier removal project</a>.",/Date(1733847153173-0800)/,Medium,Olympic,"{'Description': None, 'Direction': 'B', 'Latitude': 47.049602263, 'Longitude': -123.236127078, 'MilePost': 8.75, 'RoadName': '008'}",/Date(1693243980000-0700)/,2025-01-30 15:37:13.277193,2
630886,,"{'Description': None, 'Direction': 'B', 'Latitude': 46.3699885, 'Longitude': -122.573129179, 'MilePost': 21.2, 'RoadName': '504'}",/Date(1738278000000-0800)/,Maintenance,Open,,"Monday, Jan. 27 to Thursday, Jan. 30: Travelers in both directions of SR 504, between the SR 505 interchange and the North Fork Toutle River, will alternate intermittently through a single lane with flaggers, daily from 8 a.m. to 3 p.m., for tree trimming near utility lines. Plan ahead and expect delays.",/Date(1735932902377-0800)/,Medium,Southwest,"{'Description': None, 'Direction': 'B', 'Latitude': 46.361302375, 'Longitude': -122.673895651, 'MilePost': 14.7, 'RoadName': '504'}",/Date(1737982800000-0800)/,2025-01-30 15:37:13.277193,2
624110,,"{'Description': None, 'Direction': 'B', 'Latitude': 47.711148603, 'Longitude': -121.162760762, 'MilePost': 58.3, 'RoadName': '002'}",,Rest Area,Open,,The Iron Goat rest area is closed for the winter.,/Date(1731629118373-0800)/,Low,North Central,"{'Description': None, 'Direction': 'B', 'Latitude': 47.711148603, 'Longitude': -121.162760762, 'MilePost': 58.3, 'RoadName': '002'}",/Date(1731621900000-0800)/,2025-01-30 15:37:13.277193,2
631885,,"{'Description': None, 'Direction': 'B', 'Latitude': 47.408895121, 'Longitude': -120.290320617, 'MilePost': 0.0, 'RoadName': '285'}",/Date(1736906400000-0800)/,Other,Open,,"Brief closure of SR 285 George Sellar Bridge on Tuesday (1/14) some time between 12 p.m. and 6 p.m., to allow for a super load to cross bridge. Super load is traveling from Quincy en route to Malaga. Do not attempt to go around traffic control.",/Date(1736880492510-0800)/,Medium,North Central,"{'Description': None, 'Direction': 'B', 'Latitude': 47.414889632, 'Longitude': -120.305157452, 'MilePost': 1.0, 'RoadName': '285'}",/Date(1736878500000-0800)/,2025-01-30 15:37:13.277193,2
626172,Whitman,"{'Description': None, 'Direction': 'B', 'Latitude': 46.890846035, 'Longitude': -117.364118933, 'MilePost': 133.5, 'RoadName': '026'}",,Road Report,Open,,"SR26 from Washtucna to Colfax, road conditions are: bare and dry.",/Date(1738279053987-0800)/,Low,Eastern,"{'Description': None, 'Direction': 'B', 'Latitude': 46.758378267, 'Longitude': -118.308224419, 'MilePost': 83.0, 'RoadName': '026'}",/Date(1738279020000-0800)/,2025-01-30 15:37:13.277193,2
584226,,"{'Description': None, 'Direction': 'B', 'Latitude': 47.882385359, 'Longitude': -124.352948325, 'MilePost': 184.71, 'RoadName': '101'}",/Date(1798744680000-0800)/,Construction,Open,,"Expect around-the-clock single-lane alternating traffic on US 101 at the Jefferson-Clallam county line. The speed limit is reduced to 25 mph between mileposts 184 and 185. Crews are building a bridge to improve fish passage in <a href=""https://wsdot.wa.gov/construction-planning/search-projects/us-101-may-creek-vic-dowans-creek-rd-remove-fish-barrier"">May Creek</a>.",/Date(1714677131230-0700)/,Medium,Olympic,"{'Description': None, 'Direction': 'B', 'Latitude': 47.879865594, 'Longitude': -124.35087107, 'MilePost': 184.51, 'RoadName': '101'}",/Date(1709234280000-0800)/,2025-01-30 15:37:13.277193,2
634014,,"{'Description': None, 'Direction': 'N', 'Latitude': 47.612729116, 'Longitude': -122.18845613, 'MilePost': 13.5, 'RoadName': '405'}",/Date(1738328400000-0800)/,Construction,Open,,"Up to four lanes of northbound I-405 from Coal Creek Parkway (milepost 11.5) to Northeast Sixth Street (milepost 13.5) will be closed nightly, 9 p.m. Monday Jan. 27 – 5 a.m. Friday, Jan. 31.",/Date(1737998874947-0800)/,Low,Northwest,"{'Description': None, 'Direction': 'N', 'Latitude': 47.585399476, 'Longitude': -122.177879341, 'MilePost': 11.5, 'RoadName': '405'}",/Date(1737964800000-0800)/,2025-01-30 15:37:13.277193,2
632790,,"{'Description': None, 'Direction': 'S', 'Latitude': 47.351798533, 'Longitude': -122.244882778, 'MilePost': 17.8, 'RoadName': '167'}",/Date(1738414800000-0800)/,Construction,Open,,"Monday, January 27 to the morning of Saturday, February 1: Up to two lanes of southbound SR 167 from Southwest 41st Street (milepost 26.0) to 37th Street Northwest (milepost 17.8) will be closed nightly, from 9:00 p.m. – 5:00 a.m.",/Date(1737741611147-0800)/,Low,Northwest,"{'Description': None, 'Direction': 'S', 'Latitude': 47.463813716, 'Longitude': -122.218184711, 'MilePost': 26.0, 'RoadName': '167'}",/Date(1737964800000-0800)/,2025-01-30 15:37:13.277193,2
632789,,"{'Description': None, 'Direction': 'S', 'Latitude': 47.303477171, 'Longitude': -122.252203958, 'MilePost': 14.4, 'RoadName': '167'}",/Date(1738414800000-0800)/,Construction,Open,,"Monday, January 27 to the morning of Saturday, February 1: Up to one lane of southbound SR 167 from 15th Street Northwest (milepost 14.8) to 15th Street Southwest (milepost 14.4) will be closed nightly, from 8:45 p.m. – 5:00 a.m.",/Date(1737741474373-0800)/,Low,Northwest,"{'Description': None, 'Direction': 'S', 'Latitude': 47.30879473, 'Longitude': -122.248691006, 'MilePost': 14.8, 'RoadName': '167'}",/Date(1737964800000-0800)/,2025-01-30 15:37:13.277193,2
624453,,"{'Description': None, 'Direction': 'B', 'Latitude': 0, 'Longitude': 0, 'MilePost': 0, 'RoadName': '104'}",/Date(1748703600000-0700)/,Construction,Open,,"Crews are building a roundabout on SR 104 at Shine Road/Paradise Bay Road. Travelers will see shifted lanes, slower speeds and occasional one-way alternating traffic between 9 p.m. and 6 a.m. during the project.",/Date(1732320023183-0800)/,High,Olympic,"{'Description': None, 'Direction': 'B', 'Latitude': 47.867724927, 'Longitude': -122.63924111, 'MilePost': 13.76, 'RoadName': '104'}",/Date(1731948240000-0800)/,2025-01-30 15:37:13.277193,2
632727,,"{'Description': None, 'Direction': 'E', 'Latitude': 0, 'Longitude': 0, 'MilePost': 0, 'RoadName': '520'}",/Date(1738504800000-0800)/,Construction,Open,,"Sound Transit contractor crews will close the eastbound SR 520 off-ramp to West Lake Sammamish Parkway from 9 p.m. on Saturday, Feb. 1 until 6 a.m. on Sunday, Feb. 2.",/Date(1737672074060-0800)/,Medium,Northwest,"{'Description': None, 'Direction': 'E', 'Latitude': 47.666503277, 'Longitude': -122.129498217, 'MilePost': 11.69, 'RoadName': '520'}",/Date(1737679140000-0800)/,2025-01-30 15:37:13.277193,2
634337,,"{'Description': None, 'Direction': 'W', 'Latitude': 0, 'Longitude': 0, 'MilePost': 0, 'RoadName': '520'}",/Date(1738969200000-0800)/,Construction,Open,,"Sound Transit contractor crews will close the right lane on westbound SR 202 at the SR 202/SR 520 interchange from 10 a.m. to 3 p.m. on Friday, Feb. 7.",/Date(1738268107223-0800)/,Medium,Northwest,"{'Description': None, 'Direction': 'W', 'Latitude': 47.669998679, 'Longitude': -122.107257427, 'MilePost': 12.83, 'RoadName': '520'}",/Date(1738278360000-0800)/,2025-01-30 15:37:13.277193,2
632800,,"{'Description': None, 'Direction': 'N', 'Latitude': 0, 'Longitude': 0, 'MilePost': 0, 'RoadName': '167'}",/Date(1738407600000-0800)/,Construction,Open,,"Monday, January 27 to the morning of Saturday, February 1: The northbound SR 167 off-ramp to South 180th Street will be closed nightly, from 10:00 p.m. – 3:00 a.m.",/Date(1737743404360-0800)/,Low,Northwest,"{'Description': None, 'Direction': 'N', 'Latitude': 47.441165584, 'Longitude': -122.217420882, 'MilePost': 24.42, 'RoadName': '167'}",/Date(1737964800000-0800)/,2025-01-30 15:37:13.277193,2
634030,,"{'Description': None, 'Direction': 'N', 'Latitude': 0, 'Longitude': 0, 'MilePost': 0, 'RoadName': '405'}",/Date(1738153800000-0800)/,Construction,Open,,"The southbound I-405 off-ramp to Southport Drive will be closed overnight, 9:30 p.m. Tuesday, Jan. 28 – 4:30 a.m. Wednesday, Jan. 29. A signed detour will be in place.",/Date(1738001668033-0800)/,Low,Northwest,"{'Description': None, 'Direction': 'N', 'Latitude': 47.493607236, 'Longitude': -122.191893098, 'MilePost': 4.75, 'RoadName': '405'}",/Date(1738051200000-0800)/,2025-01-30 15:37:13.277193,2
634107,,"{'Description': None, 'Direction': 'W', 'Latitude': 0, 'Longitude': 0, 'MilePost': 0, 'RoadName': '082'}",,Collision,Open,,"Due to bridge damage from a collision, I-82 westbound will be reduced to two lanes across the Yakima River Bridge. This lane reduction will remain in effect for several weeks until repairs are completed.",/Date(1738117273240-0800)/,High,South Central,"{'Description': None, 'Direction': 'W', 'Latitude': 46.631363242, 'Longitude': -120.517258144, 'MilePost': 30.8, 'RoadName': '082'}",/Date(1738069140000-0800)/,2025-01-30 15:37:13.277193,2
632842,,"{'Description': None, 'Direction': 'S', 'Latitude': 0, 'Longitude': 0, 'MilePost': 0, 'RoadName': '405'}",/Date(1738328400000-0800)/,Construction,Open,,"The eastbound SR 522 to southbound I-405 on-ramp will be closed nightly from 10 p.m. Monday, Jan. 27 to 5 a.m. Friday, Jan. 31.",/Date(1737762609497-0800)/,Low,Northwest,"{'Description': None, 'Direction': 'S', 'Latitude': 47.758015511, 'Longitude': -122.184427516, 'MilePost': 23.67, 'RoadName': '405'}",/Date(1737964800000-0800)/,2025-01-30 15:37:13.277193,2
632803,,"{'Description': None, 'Direction': 'B', 'Latitude': 0, 'Longitude': 0, 'MilePost': 0, 'RoadName': '542'}",/Date(1738018800000-0800)/,Construction,Open,,"From 6 a.m. to 3 p.m. Monday, Jan. 27, PSE crews will alternate traffic on State Route 542/Mount Baker Highway in Deming near Forest Street (milepost 25) for utility work.",/Date(1737745604603-0800)/,Medium,Northwest,"{'Description': None, 'Direction': 'B', 'Latitude': 48.924173937, 'Longitude': -122.079894315, 'MilePost': 25.72, 'RoadName': '542'}",/Date(1737745200000-0800)/,2025-01-30 15:37:13.277193,2
634314,,"{'Description': None, 'Direction': 'W', 'Latitude': 0, 'Longitude': 0, 'MilePost': 0, 'RoadName': '090'}",,Construction,Open,,On I-90 westbound just east of SR 18 (MP 25) the right lane is closed due to roadwork.,/Date(1738257896650-0800)/,Medium,Northwest,"{'Description': None, 'Direction': 'W', 'Latitude': 47.507218558, 'Longitude': -121.901415113, 'MilePost': 24.81, 'RoadName': '090'}",/Date(1738257840000-0800)/,2025-01-30 15:37:13.277193,2
632722,,"{'Description': None, 'Direction': 'W', 'Latitude': 0, 'Longitude': 0, 'MilePost': 0, 'RoadName': '090'}",/Date(1738018800000-0800)/,Construction,Open,,"Sound Transit contractor crews will close the Island Crest Way HOV on-ramp to westbound I-90 from 9 a.m. to 3 p.m. on Monday, Jan. 27.",/Date(1737671609070-0800)/,Medium,Northwest,"{'Description': None, 'Direction': 'W', 'Latitude': 47.586835276, 'Longitude': -122.229059224, 'MilePost': 7.13, 'RoadName': '090'}",/Date(1737676320000-0800)/,2025-01-30 15:37:13.277193,2
634299,,"{'Description': None, 'Direction': 'W', 'Latitude': 0, 'Longitude': 0, 'MilePost': 0, 'RoadName': '516'}",,Construction,Open,,On SR 516 westbound at SR 167 (MP 5) the right lane is closed due to roadwork.,/Date(1738253478313-0800)/,Medium,Northwest,"{'Description': None, 'Direction': 'W', 'Latitude': 47.378051965, 'Longitude': -122.243042258, 'MilePost': 4.72, 'RoadName': '516'}",/Date(1738253340000-0800)/,2025-01-30 15:37:13.277193,2
626170,Spokane,"{'Description': None, 'Direction': 'B', 'Latitude': 47.633655685, 'Longitude': -117.480536912, 'MilePost': 283.17, 'RoadName': '002'}",,Road Report,Open,,"US2 from Davenport to I-90, road conditions are: bare and dry.",/Date(1738279095680-0800)/,Low,Eastern,"{'Description': None, 'Direction': 'B', 'Latitude': 47.653668958, 'Longitude': -118.162197575, 'MilePost': 250.54, 'RoadName': '002'}",/Date(1738279080000-0800)/,2025-01-30 15:37:13.277193,2
569747,,"{'Description': None, 'Direction': 'B', 'Latitude': 48.526743854, 'Longitude': -121.431185531, 'MilePost': 106.11, 'RoadName': '020'}",,Construction,Open,,"Until further notice, weekdays from 7 a.m. to 5:30 p.m. construction on SR 20 will alternate traffic from Marblemount to near Cascade Lane. The construction is expected to be completed at noon on Fridays.",/Date(1718401911060-0700)/,Medium,Northwest,"{'Description': None, 'Direction': 'B', 'Latitude': 48.52593772, 'Longitude': -121.454601955, 'MilePost': 105.0, 'RoadName': '020'}",/Date(1697224980000-0700)/,2025-01-30 15:37:13.277193,2
634015,,"{'Description': None, 'Direction': 'N', 'Latitude': 47.46093394, 'Longitude': -122.217525744, 'MilePost': 25.8, 'RoadName': '167'}",/Date(1738325700000-0800)/,Construction,Open,,"Up to two lanes of northbound SR 167 from South 43rd Street (milepost 24.5) to I-405 (milepost 25.8) will be closed nightly, 9 p.m. Monday, Jan. 27 – 4:15 a.m. Friday, Jan. 31.",/Date(1737998940593-0800)/,Low,Northwest,"{'Description': None, 'Direction': 'N', 'Latitude': 47.442298334, 'Longitude': -122.217132959, 'MilePost': 24.5, 'RoadName': '167'}",/Date(1737964800000-0800)/,2025-01-30 15:37:13.277193,2
589521,,"{'Description': None, 'Direction': 'B', 'Latitude': 0, 'Longitude': 0, 'MilePost': 0, 'RoadName': '005'}",/Date(1743483600000-0700)/,Construction,Open,,A city of Shoreline project has reduced SR 523/Northeast 145th Street to one lane in each direction between First Avenue Northeast and I-5 through winter 2025. Project information: https://engage.shorelinewa.gov/145corridor.,/Date(1736274220017-0800)/,Medium,Northwest,"{'Description': None, 'Direction': 'B', 'Latitude': 47.734493457, 'Longitude': -122.324923285, 'MilePost': 174.61, 'RoadName': '005'}",/Date(1736274300000-0800)/,2025-01-30 15:37:13.277193,2
566603,,"{'Description': None, 'Direction': 'B', 'Latitude': 0, 'Longitude': 0, 'MilePost': 0, 'RoadName': '008'}",/Date(1758567540000-0700)/,Construction,Open,,Temporary left turn restrictions are in effect for travelers in both directions of SR 8 east of McCleary at Mox Chehalis Road East.,/Date(1718320386180-0700)/,Medium,Olympic,"{'Description': None, 'Direction': 'B', 'Latitude': 47.050433216, 'Longitude': -123.231149151, 'MilePost': 9.0, 'RoadName': '008'}",/Date(1695409140000-0700)/,2025-01-30 15:37:13.277193,2
510675,,"{'Description': None, 'Direction': 'B', 'Latitude': 0, 'Longitude': 0, 'MilePost': 0, 'RoadName': '020'}",,Closure,Open,,Until further notice - The Ault Field/Hoffman Road Park and Ride on SR 20 is closed for maintenance.,/Date(1679957391457-0700)/,High,Northwest,"{'Description': None, 'Direction': 'B', 'Latitude': 48.332616487, 'Longitude': -122.630381476, 'MilePost': 35.0, 'RoadName': '020'}",/Date(1659038220000-0700)/,2025-01-30 15:37:13.277193,2
632845,,"{'Description': None, 'Direction': 'B', 'Latitude': 0, 'Longitude': 0, 'MilePost': 0, 'RoadName': '005'}",/Date(1738404000000-0800)/,Maintenance,Open,,"From 9 p.m. Friday, Jan. 31 to 2 a.m. Saturday, Feb. 1, maintenance crews will close the center lanes of both directions of the 116th Street Northeast/Interstate 5 overpass in Marysville, leaving the right lane of both directions open. In addition, the eastbound 116th Street NE to northbound I-5 on-ramp; the westbound 116th Street NE to southbound I-5 on-ramp; the southbound I-5 off-ramp to eastbound 116th Street NE; and the northbound I-5 off-ramp to westbound 116th Street NE will close.",/Date(1737763756353-0800)/,Medium,Northwest,"{'Description': None, 'Direction': 'B', 'Latitude': 48.093375615, 'Longitude': -122.184705574, 'MilePost': 202.0, 'RoadName': '005'}",/Date(1737754200000-0800)/,2025-01-30 15:37:13.277193,2
626321,,"{'Description': None, 'Direction': 'W', 'Latitude': 0, 'Longitude': 0, 'MilePost': 0, 'RoadName': '016'}",/Date(1756911600000-0700)/,Construction,Open,,"On State Route 16 westbound at the Sedgwick Road interchange, traffic is now on a two-lane bypass. The bypass will remain in place through the summer of 2025. This is related to a fish barrier removal project <a href=""https://wsdot.wa.gov/construction-planning/search-projects/sr-16-sr-160-kitsap-county-fish-passage-barriers-remove-fish-barriers"">Blackjack Creek</a>.",/Date(1733438007277-0800)/,Medium,Olympic,"{'Description': None, 'Direction': 'W', 'Latitude': 47.505187244, 'Longitude': -122.648461759, 'MilePost': 25.43, 'RoadName': '016'}",/Date(1732639440000-0800)/,2025-01-30 15:37:13.277193,2
634033,,"{'Description': None, 'Direction': 'N', 'Latitude': 0, 'Longitude': 0, 'MilePost': 0, 'RoadName': '405'}",/Date(1738328400000-0800)/,Construction,Open,,"The northbound I-405 HOV off-ramp to Northeast Sixth Street will be closed nightly, 9 p.m. Monday, Jan. 27 – 5 a.m. Friday, Jan. 31. A signed detour will be in place.",/Date(1738001845480-0800)/,Low,Northwest,"{'Description': None, 'Direction': 'N', 'Latitude': 47.615361074, 'Longitude': -122.188480907, 'MilePost': 13.68, 'RoadName': '405'}",/Date(1737964800000-0800)/,2025-01-30 15:37:13.277193,2
632840,,"{'Description': None, 'Direction': 'N', 'Latitude': 0, 'Longitude': 0, 'MilePost': 0, 'RoadName': '405'}",/Date(1738328400000-0800)/,Construction,Open,,"The Northeast 160th Street to SR 522 collector distributor ramp will be closed nightly from 11:59 p.m. Monday, Jan. 27 to 5 a.m. Friday, Jan. 31.",/Date(1737762307737-0800)/,Low,Northwest,"{'Description': None, 'Direction': 'N', 'Latitude': 47.742729246, 'Longitude': -122.186905802, 'MilePost': 22.61, 'RoadName': '405'}",/Date(1737964800000-0800)/,2025-01-30 15:37:13.277193,2
632798,,"{'Description': None, 'Direction': 'S', 'Latitude': 0, 'Longitude': 0, 'MilePost': 0, 'RoadName': '167'}",/Date(1738414800000-0800)/,Construction,Open,,"Monday, January 27 to the morning of Saturday, February 1: The 84th Avenue South on-ramp to southbound SR 167 will be closed nightly, from 11:59 p.m. – 5:00 a.m.",/Date(1737743216477-0800)/,Low,Northwest,"{'Description': None, 'Direction': 'S', 'Latitude': 47.400921638, 'Longitude': -122.224683845, 'MilePost': 21.56, 'RoadName': '167'}",/Date(1737964800000-0800)/,2025-01-30 15:37:13.277193,2
619765,,"{'Description': None, 'Direction': 'B', 'Latitude': 0, 'Longitude': 0, 'MilePost': 0, 'RoadName': '542'}",,Closure,Open,,"The final 2.7 miles of Mt. Baker Highway, referred to as the road to Artist Point (milepost 54) on State Route 542/Mount Baker Highway is closed for winter effective 8 a.m. on Oct. 16.

SR 542 remains open to up to this closure point. Winter recreationalists are encouraged to monitor conditions throughout the season.",/Date(1729091857203-0700)/,Highest,Northwest,"{'Description': None, 'Direction': 'B', 'Latitude': 48.863550014, 'Longitude': -121.679008516, 'MilePost': 54.5, 'RoadName': '542'}",/Date(1729090800000-0700)/,2025-01-30 15:37:13.277193,2
567868,,"{'Description': None, 'Direction': 'E', 'Latitude': 0, 'Longitude': 0, 'MilePost': 0, 'RoadName': '520'}",,Construction,Open,,"Monday, Sept. 25 until further notice – The Montlake Boulevard on-ramp to eastbound SR 520 will close for construction between 10 p.m. and 6 a.m. nightly Mondays through Thursdays.",/Date(1695683980043-0700)/,Medium,Northwest,"{'Description': None, 'Direction': 'E', 'Latitude': 47.644268948, 'Longitude': -122.304331216, 'MilePost': 0.94, 'RoadName': '520'}",/Date(1695682800000-0700)/,2025-01-30 15:37:13.277193,2
632844,,"{'Description': None, 'Direction': 'N', 'Latitude': 0, 'Longitude': 0, 'MilePost': 0, 'RoadName': '405'}",/Date(1738328400000-0800)/,Construction,Open,,"The northbound I-405 to SR 522 off-ramp will be closed nightly from 11:59 p.m. Monday, Jan. 27 to 5 a.m. Friday, Jan. 31.",/Date(1737762968223-0800)/,Low,Northwest,"{'Description': None, 'Direction': 'N', 'Latitude': 47.75777286, 'Longitude': -122.184242587, 'MilePost': 23.67, 'RoadName': '405'}",/Date(1737964800000-0800)/,2025-01-30 15:37:13.277193,2
632768,,"{'Description': None, 'Direction': 'W', 'Latitude': 0, 'Longitude': 0, 'MilePost': 0, 'RoadName': '518'}",/Date(1738015200000-0800)/,Maintenance,Open,,"From 8 a.m. to 2 p.m. Monday, Jan. 27, bridge crews will close the right lane of westbound State Route 518 in Burien just east of SR 509 for bridge deck repairs.",/Date(1737733314587-0800)/,Low,Northwest,"{'Description': None, 'Direction': 'W', 'Latitude': 47.470310064, 'Longitude': -122.33107417, 'MilePost': 0.05, 'RoadName': '518'}",/Date(1737732900000-0800)/,2025-01-30 15:37:13.277193,2
632796,,"{'Description': None, 'Direction': 'S', 'Latitude': 0, 'Longitude': 0, 'MilePost': 0, 'RoadName': '167'}",/Date(1738242000000-0800)/,Construction,Open,,"Tuesday, January 28 to the morning of Thursday, January 30: The southbound I-405 HOV flyover ramp will be closed nightly, from 11:59 p.m. – 5:00 a.m.",/Date(1737742936397-0800)/,Low,Northwest,"{'Description': None, 'Direction': 'S', 'Latitude': 47.469284307, 'Longitude': -122.218043174, 'MilePost': 26.38, 'RoadName': '167'}",/Date(1738051200000-0800)/,2025-01-30 15:37:13.277193,2
632807,,"{'Description': None, 'Direction': 'N', 'Latitude': 0, 'Longitude': 0, 'MilePost': 0, 'RoadName': '005'}",/Date(1738188000000-0800)/,Maintenance,Open,,"From 8 a.m. to 2 p.m. Wednesday, Jan. 29, bridge maintenance crews will close one lane of northbound Interstate 5 in Ferndale on the Nooksack River Bridge (milepost 263) for bridge flushing. Crews will first close the right lane and then the left lane.",/Date(1737746675137-0800)/,Medium,Northwest,"{'Description': None, 'Direction': 'N', 'Latitude': 48.854601392, 'Longitude': -122.583405143, 'MilePost': 263.2, 'RoadName': '005'}",/Date(1737746280000-0800)/,2025-01-30 15:37:13.277193,2
632729,,"{'Description': None, 'Direction': 'N', 'Latitude': 0, 'Longitude': 0, 'MilePost': 0, 'RoadName': '005'}",/Date(1738328400000-0800)/,Construction,Open,,"Sound Transit contractor crews will close the eastbound and westbound SR 104 on-ramps to northbound I-5 from 9 p.m. to 5 a.m. nightly Monday, Jan. 27 through the morning of Friday, Jan. 31.",/Date(1737672263190-0800)/,Medium,Northwest,"{'Description': None, 'Direction': 'N', 'Latitude': 47.76723661, 'Longitude': -122.322515152, 'MilePost': 177.0, 'RoadName': '005'}",/Date(1737679320000-0800)/,2025-01-30 15:37:13.277193,2
634304,,"{'Description': None, 'Direction': 'N', 'Latitude': 0, 'Longitude': 0, 'MilePost': 0, 'RoadName': '005'}",/Date(1738958400000-0800)/,Maintenance,Open,,"From 8 a.m. Monday, Feb. 3 until noon Friday, Feb. 7, maintenance crews will close the SeaTac rest area in Federal Way on northbound Interstate 5 just south of State Route 18 for routine maintenance.",/Date(1738256156450-0800)/,Low,Northwest,"{'Description': None, 'Direction': 'N', 'Latitude': 47.271047341, 'Longitude': -122.31591286, 'MilePost': 140.65, 'RoadName': '005'}",/Date(1738255860000-0800)/,2025-01-30 15:37:13.277193,2
624038,,"{'Description': None, 'Direction': 'N', 'Latitude': 0, 'Longitude': 0, 'MilePost': 0, 'RoadName': '002'}",/Date(1731600960000-0800)/,Rest Area,Open,,The Iron Goat rest area is closed for the winter.,/Date(1731601258023-0800)/,Lowest,North Central,"{'Description': None, 'Direction': 'N', 'Latitude': 47.712883459, 'Longitude': -121.168688932, 'MilePost': 58.0, 'RoadName': '002'}",/Date(1731600960000-0800)/,2025-01-30 15:37:13.277193,2
632269,,"{'Description': None, 'Direction': 'B', 'Latitude': 0, 'Longitude': 0, 'MilePost': 0, 'RoadName': '162'}",/Date(1774969200000-0700)/,Construction,Open,,"Intermittent traffic delays starting Jan. 21 on SR 162 between Lane Street NE and Old Pioneer Way NW in Orting for construction of the <a href=""https://www.cityoforting.org/government/project-updates/emergency-evacuation-bridge"">City of Orting Emergency Evacuation Bridge</a>.",/Date(1737158990373-0800)/,Medium,Olympic,"{'Description': None, 'Direction': 'B', 'Latitude': 47.107057244, 'Longitude': -122.219073353, 'MilePost': 8.6, 'RoadName': '162'}",/Date(1737158280000-0800)/,2025-01-30 15:37:13.277193,2
623276,,"{'Description': None, 'Direction': 'B', 'Latitude': 0, 'Longitude': 0, 'MilePost': 0, 'RoadName': '285'}",/Date(1732989360000-0800)/,Signals,Open,,"On SR 285 milepost 3 (intersection of N. Wenatchee Ave. and McKittrick St. in Wenatchee), new signal is now live. Stay alert in the area for new stops and turning motions at the intersection.

Contact: City of Wenatchee 509-888-6200",/Date(1731003126657-0800)/,Low,North Central,"{'Description': None, 'Direction': 'B', 'Latitude': 47.440262645, 'Longitude': -120.32482663, 'MilePost': 3.0, 'RoadName': '285'}",/Date(1731002160000-0800)/,2025-01-30 15:37:13.277193,2
634021,,"{'Description': None, 'Direction': 'N', 'Latitude': 0, 'Longitude': 0, 'MilePost': 0, 'RoadName': '405'}",/Date(1738066500000-0800)/,Construction,Open,,"The northbound I-405 on-ramp from northbound SR 167 will be closed overnight, 10:30 p.m. Monday, Jan. 27 – 4:15 a.m. Tuesday, Jan. 28. A signed detour will be in place.",/Date(1738000303630-0800)/,Low,Northwest,"{'Description': None, 'Direction': 'N', 'Latitude': 47.467670897, 'Longitude': -122.219599861, 'MilePost': 2.24, 'RoadName': '405'}",/Date(1737964800000-0800)/,2025-01-30 15:37:13.277193,2
634032,,"{'Description': None, 'Direction': 'N', 'Latitude': 0, 'Longitude': 0, 'MilePost': 0, 'RoadName': '405'}",/Date(1738328400000-0800)/,Construction,Open,,"The northbound I-405 on-ramp from Southeast Eighth Street will be closed nightly, 9 p.m. Monday, Jan. 27 – 5 a.m. Wednesday, Jan. 29, and overnight, 9 p.m. Thursday, Jan. 30 – 5 a.m. Friday, Jan. 31. A signed detour will be in place.",/Date(1738001781070-0800)/,Low,Northwest,"{'Description': None, 'Direction': 'N', 'Latitude': 47.603953008, 'Longitude': -122.184537191, 'MilePost': 12.84, 'RoadName': '405'}",/Date(1737964800000-0800)/,2025-01-30 15:37:13.277193,2
624587,,"{'Description': None, 'Direction': 'B', 'Latitude': 0, 'Longitude': 0, 'MilePost': 0, 'RoadName': '504'}",,Closure,Open,,The SR 504 Forest Learning Center Rest Area will be closed for the annual winter closure until late March 2025.,/Date(1732037331300-0800)/,Medium,Southwest,"{'Description': None, 'Direction': 'B', 'Latitude': 46.309917921, 'Longitude': -122.394897384, 'MilePost': 33.0, 'RoadName': '504'}",/Date(1731704160000-0800)/,2025-01-30 15:37:13.277193,2
632772,,"{'Description': None, 'Direction': 'N', 'Latitude': 0, 'Longitude': 0, 'MilePost': 0, 'RoadName': '599'}",/Date(1738188000000-0800)/,Maintenance,Open,,"From 8 a.m. to 2 p.m. Wednesday, Jan. 29, bridge crews will close the left lane of northbound State Route 599 in Tukwila at South 133rd St/Gateway Drive for expansion joint repairs.",/Date(1737735948513-0800)/,Low,Northwest,"{'Description': None, 'Direction': 'N', 'Latitude': 47.485860694, 'Longitude': -122.27560543, 'MilePost': 0.35, 'RoadName': '599'}",/Date(1737735480000-0800)/,2025-01-30 15:37:13.277193,2
634034,,"{'Description': None, 'Direction': 'N', 'Latitude': 0, 'Longitude': 0, 'MilePost': 0, 'RoadName': '405'}",/Date(1738243020000-0800)/,Construction,Open,,"The northbound I-405 HOV off-ramp to Coal Creek Parkway will be closed overnight, 9:30 p.m. Wednesday, Jan. 29 – 5 a.m. Thursday, Jan. 30. A signed detour will be in place.",/Date(1738001991650-0800)/,Low,Northwest,"{'Description': None, 'Direction': 'N', 'Latitude': 47.567512386, 'Longitude': -122.179934414, 'MilePost': 10.18, 'RoadName': '405'}",/Date(1738137600000-0800)/,2025-01-30 15:37:13.277193,2
632792,,"{'Description': None, 'Direction': 'N', 'Latitude': 0, 'Longitude': 0, 'MilePost': 0, 'RoadName': '167'}",/Date(1738407600000-0800)/,Construction,Open,,"Monday, January 27 to the morning of Saturday, February 1: The 84th Avenue South on-ramp to northbound SR 167 will be closed nightly, from 10:00 p.m. – 3:00 a.m.",/Date(1737742241627-0800)/,Low,Northwest,"{'Description': None, 'Direction': 'N', 'Latitude': 47.400891529, 'Longitude': -122.224353553, 'MilePost': 21.56, 'RoadName': '167'}",/Date(1737964800000-0800)/,2025-01-30 15:37:13.277193,2
634024,,"{'Description': None, 'Direction': 'N', 'Latitude': 0, 'Longitude': 0, 'MilePost': 0, 'RoadName': '405'}",/Date(1738328400000-0800)/,Construction,Open,,"The northbound I-405 on-and off-ramps to 112th Avenue Southeast / Lake Washington Boulevard will be closed nightly, 9 p.m. Monday, Jan. 27 – 5 a.m. Wednesday, Jan. 29, and overnight, 9 p.m. Thursday, Jan. 30 – 5 a.m. Friday, Jan. 31. A signed detour will be in place.",/Date(1738000740017-0800)/,Low,Northwest,"{'Description': None, 'Direction': 'N', 'Latitude': 47.556913675, 'Longitude': -122.189986466, 'MilePost': 9.26, 'RoadName': '405'}",/Date(1737964800000-0800)/,2025-01-30 15:37:13.277193,2
601301,,"{'Description': None, 'Direction': 'B', 'Latitude': 0, 'Longitude': 0, 'MilePost': 0, 'RoadName': '012'}",,Construction,Open,,"Both directions Bridge Street (US-12) intersection of Diagonal Street and 2nd Street in Clarkston.  Until further notice, traffic will be reduced to a single lane in each direction 24 hours a day with no center turn lane. Local detours are in place.",/Date(1737258694627-0800)/,Low,South Central,"{'Description': None, 'Direction': 'B', 'Latitude': 46.420180814, 'Longitude': -117.039884198, 'MilePost': 434.0, 'RoadName': '012'}",/Date(1718521560000-0700)/,2025-01-30 15:37:13.277193,2
634317,Grays Harbor,"{'Description': None, 'Direction': 'E', 'Latitude': 0, 'Longitude': 0, 'MilePost': 0, 'RoadName': '012'}",/Date(1738281600000-0800)/,Road work,Open,,"Road work on US 12 eastbound at milepost 5.01 near Solki Rd beginning at 9:49 am on January 30, 2025 until about 4:00 pm. ",/Date(1738259523890-0800)/,High,Olympic,"{'Description': None, 'Direction': 'E', 'Latitude': 46.972046328, 'Longitude': -123.713808583, 'MilePost': 5.01, 'RoadName': '012'}",/Date(1738259340000-0800)/,2025-01-30 15:37:13.277193,2
624039,,"{'Description': None, 'Direction': 'N', 'Latitude': 0, 'Longitude': 0, 'MilePost': 0, 'RoadName': '017'}",/Date(1731601260000-0800)/,Rest Area,Open,,The Blue Lake rest area is closed for the winter.,/Date(1731601374657-0800)/,Lowest,North Central,"{'Description': None, 'Direction': 'N', 'Latitude': 47.563196905, 'Longitude': -119.456137875, 'MilePost': 89.0, 'RoadName': '017'}",/Date(1731601260000-0800)/,2025-01-30 15:37:13.277193,2
634027,,"{'Description': None, 'Direction': 'S', 'Latitude': 0, 'Longitude': 0, 'MilePost': 0, 'RoadName': '405'}",/Date(1738326600000-0800)/,Construction,Open,,"The southbound I-405 HOV off-ramp to southbound SR 167 will be closed nightly, 11:30 p.m. Monday, Jan. 27 – 4:30 a.m. Friday, Jan. 31. A signed detour will be in place.",/Date(1738001089370-0800)/,Low,Northwest,"{'Description': None, 'Direction': 'S', 'Latitude': 47.467853603, 'Longitude': -122.219633095, 'MilePost': 2.24, 'RoadName': '405'}",/Date(1737964800000-0800)/,2025-01-30 15:37:13.277193,2
632799,,"{'Description': None, 'Direction': 'S', 'Latitude': 0, 'Longitude': 0, 'MilePost': 0, 'RoadName': '167'}",/Date(1738414800000-0800)/,Construction,Open,,"Thursday, January 30 to the morning of Saturday, February 1: The SR 516 on-ramp to southbound SR 167 will be closed nightly, from 11:59 p.m. – 5:00 a.m.",/Date(1737743316050-0800)/,Low,Northwest,"{'Description': None, 'Direction': 'S', 'Latitude': 47.381185542, 'Longitude': -122.244714118, 'MilePost': 19.83, 'RoadName': '167'}",/Date(1738224000000-0800)/,2025-01-30 15:37:13.277193,2
634023,,"{'Description': None, 'Direction': 'N', 'Latitude': 0, 'Longitude': 0, 'MilePost': 0, 'RoadName': '405'}",/Date(1738067400000-0800)/,Construction,Open,,"The northbound I-405 on-ramp from Talbot Road South will be closed overnight, 10 p.m. Monday, Jan. 27 – 4:30 a.m. Tuesday, Jan. 28. A signed detour will be in place.",/Date(1738000685750-0800)/,Low,Northwest,"{'Description': None, 'Direction': 'N', 'Latitude': 47.468789988, 'Longitude': -122.208325906, 'MilePost': 2.77, 'RoadName': '405'}",/Date(1737964800000-0800)/,2025-01-30 15:37:13.277193,2
634185,,"{'Description': None, 'Direction': 'S', 'Latitude': 0, 'Longitude': 0, 'MilePost': 0, 'RoadName': '005'}",/Date(1738155600000-0800)/,Maintenance,Open,,"From 9 p.m. Tuesday, Jan. 28 until 5 a.m. Wednesday, Jan. 29, the southbound Interstate 5 off-ramp to eastbound Interstate 90 will close for maintenance.",/Date(1738129764100-0800)/,Medium,Northwest,"{'Description': None, 'Direction': 'S', 'Latitude': 47.586715177, 'Longitude': -122.320410055, 'MilePost': 164.0, 'RoadName': '005'}",/Date(1738129380000-0800)/,2025-01-30 15:37:13.277193,2
549502,,"{'Description': None, 'Direction': 'B', 'Latitude': 0, 'Longitude': 0, 'MilePost': 0, 'RoadName': '504'}",,Closure,Open,,"Beginning June 15, 2023, until further notice: Both directions of SR 504 at milepost 45.0 are CLOSED at the winter gate, due to a landslide that washed out the road and the Spirit Lake Outlet Bridge, on Sunday, May 14, 2023. There is no estimated time for when the road will reopen and no access beyond the closure.  

To receive updates on this closure, please sign up for email updates: https://public.govdelivery.com/accounts/WADOT/subscriber/new",/Date(1730513039713-0700)/,Highest,Southwest,"{'Description': None, 'Direction': 'B', 'Latitude': 46.287135788, 'Longitude': -122.270285595, 'MilePost': 45.2, 'RoadName': '504'}",/Date(1686869700000-0700)/,2025-01-30 15:37:13.277193,2
634257,,"{'Description': None, 'Direction': 'W', 'Latitude': 0, 'Longitude': 0, 'MilePost': 0, 'RoadName': '090'}",/Date(1738328400000-0800)/,Construction,Open,,"The westbound I-90 off-ramp to SR 18/Snoqualmie Parkway will close from 9 p.m. Thursday, Jan. 30, to 5 a.m. Friday, Jan. 31, to rechannel the ramp. A signed detour will guide people to Preston/Fall City (exit 22), where they can loop around and use the eastbound I-90 off-ramp to SR 18/Snoqualmie Parkway.",/Date(1738265219367-0800)/,Medium,Northwest,"{'Description': None, 'Direction': 'W', 'Latitude': 47.509875603, 'Longitude': -121.876675992, 'MilePost': 26.0, 'RoadName': '090'}",/Date(1738195740000-0800)/,2025-01-30 15:37:13.277193,2
634306,Pierce,"{'Description': None, 'Direction': 'N', 'Latitude': 0, 'Longitude': 0, 'MilePost': 0, 'RoadName': '099'}",/Date(1738281600000-0800)/,Road work,Open,,"Road work on SR 99 northbound at milepost 1.2 near Milton South City Limits beginning at 8:56 am on January 30, 2025 until about 4:00 pm. ",/Date(1738256238333-0800)/,High,Olympic,"{'Description': None, 'Direction': 'N', 'Latitude': 47.245277398, 'Longitude': -122.33631042, 'MilePost': 1.2, 'RoadName': '099'}",/Date(1738256160000-0800)/,2025-01-30 15:37:13.277193,2
631745,,"{'Description': None, 'Direction': 'N', 'Latitude': 0, 'Longitude': 0, 'MilePost': 0, 'RoadName': '101'}",/Date(1798742160000-0800)/,Maintenance,Open,,The climbing lane on northbound US 101 approaching Cosi Hill is closed.,/Date(1736793555483-0800)/,Medium,Olympic,"{'Description': None, 'Direction': 'N', 'Latitude': 46.922830762, 'Longitude': -123.718605673, 'MilePost': 77.3, 'RoadName': '101'}",/Date(1736793360000-0800)/,2025-01-30 15:37:13.277193,2
634295,Lewis,"{'Description': None, 'Direction': 'B', 'Latitude': 0, 'Longitude': 0, 'MilePost': 0, 'RoadName': '506'}",,Construction,Open,,"Construction on SR 506 both directions at milepost 6.3 near ""C"" Street will be alternating traffic with flaggers, use caution and expect delays beginning at 7:34 am on January 30, 2025 until further notice. ",/Date(1738251327033-0800)/,Medium,Southwest,"{'Description': None, 'Direction': 'B', 'Latitude': 46.401991727, 'Longitude': -122.9579427, 'MilePost': 6.3, 'RoadName': '506'}",/Date(1738251240000-0800)/,2025-01-30 15:37:13.277193,2
632809,,"{'Description': None, 'Direction': 'E', 'Latitude': 0, 'Longitude': 0, 'MilePost': 0, 'RoadName': '020'}",/Date(1738328400000-0800)/,Construction,Open,,"From 9 p.m. Thursday, Jan. 30 to 5 a.m. Friday, Jan. 31, PSE crews will close the right lane of eastbound State Route 20 in Oak Harbor at Northeast 7th Avenue (milepost 33) for utility work. A uniformed police officer will alternate traffic in the intersection.",/Date(1737747687897-0800)/,Medium,Northwest,"{'Description': None, 'Direction': 'E', 'Latitude': 48.30409112, 'Longitude': -122.646305658, 'MilePost': 32.74, 'RoadName': '020'}",/Date(1737747480000-0800)/,2025-01-30 15:37:13.277193,2
632797,,"{'Description': None, 'Direction': 'S', 'Latitude': 0, 'Longitude': 0, 'MilePost': 0, 'RoadName': '167'}",/Date(1738414800000-0800)/,Construction,Open,,"Monday, January 27 to the morning of Saturday, February 1: The South 212th Street on-ramp to southbound SR 167 will be closed nightly, from 10:00 p.m. – 5:00 a.m.",/Date(1737743170327-0800)/,Low,Northwest,"{'Description': None, 'Direction': 'S', 'Latitude': 47.4121019, 'Longitude': -122.22073621, 'MilePost': 22.4, 'RoadName': '167'}",/Date(1737964800000-0800)/,2025-01-30 15:37:13.277193,2
632830,,"{'Description': None, 'Direction': 'S', 'Latitude': 0, 'Longitude': 0, 'MilePost': 0, 'RoadName': '405'}",/Date(1738411200000-0800)/,Construction,Open,,"Monday, Jan. 27 to the morning of Friday, Jan. 31: The southbound I-405 off-ramp to Northeast 85th Street will be closed nightly, from 10:00 p.m. - 4:00 a.m.",/Date(1737760715250-0800)/,Low,Northwest,"{'Description': None, 'Direction': 'S', 'Latitude': 47.679470371, 'Longitude': -122.184684349, 'MilePost': 18.14, 'RoadName': '405'}",/Date(1737964800000-0800)/,2025-01-30 15:37:13.277193,2
632837,,"{'Description': None, 'Direction': 'S', 'Latitude': 0, 'Longitude': 0, 'MilePost': 0, 'RoadName': '005'}",/Date(1738587600000-0800)/,Construction,Open,,"The right lane of southbound I-5 and the southbound I-5 off-ramp to Boylston Avenue East will close from 10 p.m. Friday, Jan. 31, to 5 a.m. Monday, Feb. 3, to install a noise wall. A signed detour will guide people to the southbound I-5 Mercer Street exit and back to Boylston Avenue East during the ramp closure.",/Date(1737761369360-0800)/,Medium,Northwest,"{'Description': None, 'Direction': 'S', 'Latitude': 47.635882288, 'Longitude': -122.323363422, 'MilePost': 167.63, 'RoadName': '005'}",/Date(1737761220000-0800)/,2025-01-30 15:37:13.277193,2
634025,,"{'Description': None, 'Direction': 'N', 'Latitude': 0, 'Longitude': 0, 'MilePost': 0, 'RoadName': '405'}",/Date(1738328400000-0800)/,Construction,Open,,"The northbound I-405 on-ramp from Northeast 30th Street will be closed overnight 9 p.m. Monday, Jan. 27 – 5 a.m. Tuesday, Jan. 28, and nightly, 9 p.m. Wednesday, Jan. 29 – 5 a.m. Friday, Jan. 31. A signed detour will be in place.",/Date(1738000844203-0800)/,Low,Northwest,"{'Description': None, 'Direction': 'N', 'Latitude': 47.518448297, 'Longitude': -122.198361337, 'MilePost': 6.51, 'RoadName': '405'}",/Date(1737964800000-0800)/,2025-01-30 15:37:13.277193,2
605780,,"{'Description': None, 'Direction': 'B', 'Latitude': 0, 'Longitude': 0, 'MilePost': 0, 'RoadName': '018'}",,Construction,Open,,"Beginning Wednesday, July 17, the center turn lane between eastbound and westbound SR 18 will be eliminated near the I-90 interchange and westbound lanes will be shifted to the left. This change will remain in effect until a new diverging interchange opens in late 2024. Drivers should remain distraction free and watch for vehicles yielding to on-coming traffic while they turn from the left lanes of eastbound and westbound SR 18 to the I-90 on-ramps.",/Date(1721240702003-0700)/,Low,Northwest,"{'Description': None, 'Direction': 'B', 'Latitude': 47.508597707, 'Longitude': -121.88366148, 'MilePost': 27.88, 'RoadName': '018'}",/Date(1721240160000-0700)/,2025-01-30 15:37:13.277193,2
634262,Grays Harbor,"{'Description': None, 'Direction': 'E', 'Latitude': 0, 'Longitude': 0, 'MilePost': 0, 'RoadName': '012'}",/Date(1738285200000-0800)/,Road work,Open,,"Road work on US 12 eastbound at milepost 12.51 near Monte Brady Rd [West-End] beginning at 5:17 pm on January 29, 2025 until about 5:00 pm on January 30, 2025. The Off ramp is closed to Monte Brady Rd E.",/Date(1738200355243-0800)/,High,Olympic,"{'Description': None, 'Direction': 'E', 'Latitude': 46.983085427, 'Longitude': -123.559182437, 'MilePost': 12.51, 'RoadName': '012'}",/Date(1738199820000-0800)/,2025-01-30 15:37:13.277193,2
634353,Kitsap,"{'Description': None, 'Direction': 'S', 'Latitude': 0, 'Longitude': 0, 'MilePost': 0, 'RoadName': '003'}",,Collision,Open,,"Collision has occurred on SR 3 southbound at milepost 32.6 near Sunnyslope Rd SW beginning at 2:57 pm on January 30, 2025 until further notice. The right lane is blocked.",/Date(1738278345283-0800)/,Highest,Olympic,"{'Description': None, 'Direction': 'S', 'Latitude': 47.515732609, 'Longitude': -122.734993583, 'MilePost': 32.6, 'RoadName': '003'}",/Date(1738277820000-0800)/,2025-01-30 15:37:13.277193,2
632808,,"{'Description': None, 'Direction': 'S', 'Latitude': 0, 'Longitude': 0, 'MilePost': 0, 'RoadName': '005'}",/Date(1738274400000-0800)/,Maintenance,Open,,"From 8 a.m. to 2 p.m. Thursday, Jan. 30, bridge maintenance crews will close one lane of southbound Interstate 5 in Ferndale on the Nooksack River Bridge (milepost 263) for bridge flushing. Crews will first close the right lane and then the left lane.",/Date(1737747506237-0800)/,Medium,Northwest,"{'Description': None, 'Direction': 'S', 'Latitude': 48.854509266, 'Longitude': -122.583640751, 'MilePost': 263.2, 'RoadName': '005'}",/Date(1737746640000-0800)/,2025-01-30 15:37:13.277193,2
634355,,"{'Description': None, 'Direction': 'N', 'Latitude': 0, 'Longitude': 0, 'MilePost': 0, 'RoadName': '099'}",,Maintenance,Open,,On SR 99 northbound at 1st Ave S Bridge (MP 26) all lanes will be closed today at 3:34 PM due to maintenance.  Drivers should anticipate a delay of up to 15 minutes or consider using an alternate route.,/Date(1738280068867-0800)/,Medium,Northwest,"{'Description': None, 'Direction': 'N', 'Latitude': 47.5337063, 'Longitude': -122.331524751, 'MilePost': 26.0, 'RoadName': '099'}",/Date(1738280040000-0800)/,2025-01-30 15:37:13.277193,2
634143,,"{'Description': None, 'Direction': 'E', 'Latitude': 0, 'Longitude': 0, 'MilePost': 0, 'RoadName': '008'}",/Date(1739530800000-0800)/,Construction,Open,,"The Elma Rest Area will close around the clock to all travelers 8 a.m. Monday, Feb. 3, until 3 p.m. Friday, Feb. 14, to complete water system upgrades. <a href=""https://wsdot.wa.gov/about/news/2025/elma-rest-area-grays-harbor-county-closes-complete-water-system-work-feb-3-14"">Read the news release</a>.",/Date(1738085820810-0800)/,Medium,Olympic,"{'Description': None, 'Direction': 'E', 'Latitude': 47.018883972, 'Longitude': -123.350543655, 'MilePost': 2.0, 'RoadName': '008'}",/Date(1738085640000-0800)/,2025-01-30 15:37:13.277193,2
632820,,"{'Description': None, 'Direction': 'B', 'Latitude': 0, 'Longitude': 0, 'MilePost': 0, 'RoadName': '009'}",/Date(1738101600000-0800)/,Maintenance,Open,,"From 8 a.m. to 2 p.m. Tuesday, Jan. 28, bridge maintenance crews will alternate traffic on State Route 9/Snohomish Woodinville Road in Snohomish just south of Second Street (milepost 9) on the Snohomish River Bridge for bridge flushing.",/Date(1737752441563-0800)/,Medium,Northwest,"{'Description': None, 'Direction': 'B', 'Latitude': 47.915349186, 'Longitude': -122.108579225, 'MilePost': 9.56, 'RoadName': '009'}",/Date(1737751020000-0800)/,2025-01-30 15:37:13.277193,2
473325,,"{'Description': None, 'Direction': 'B', 'Latitude': 0, 'Longitude': 0, 'MilePost': 0, 'RoadName': '005'}",,Rest Area,Open,,Until further notice - The Interstate 5 Silver Lake Rest Area is closed for maintenance indefinitely. There is no access for recreational vehicle dumping at this location.,/Date(1690237555483-0700)/,High,Northwest,"{'Description': None, 'Direction': 'B', 'Latitude': 47.907026048, 'Longitude': -122.210954765, 'MilePost': 188.5, 'RoadName': '005'}",/Date(1632488400000-0700)/,2025-01-30 15:37:13.277193,2
632795,,"{'Description': None, 'Direction': 'S', 'Latitude': 0, 'Longitude': 0, 'MilePost': 0, 'RoadName': '167'}",/Date(1738155600000-0800)/,Construction,Open,,"Monday, January 27 to the morning of Wednesday, January 29: The northbound I-405 ramp to southbound SR 167 will be closed nightly, from 11:00 p.m. – 5:00 a.m.",/Date(1737742883843-0800)/,Low,Northwest,"{'Description': None, 'Direction': 'S', 'Latitude': 47.469284307, 'Longitude': -122.218043174, 'MilePost': 26.38, 'RoadName': '167'}",/Date(1737964800000-0800)/,2025-01-30 15:37:13.277193,2
632728,,"{'Description': None, 'Direction': 'W', 'Latitude': 0, 'Longitude': 0, 'MilePost': 0, 'RoadName': '520'}",/Date(1738364400000-0800)/,Construction,Open,,"Sound Transit contractor crews will close the right lane on westbound SR 202 at the SR 202/SR 520 interchange from 10 a.m. to 3 p.m. on Friday, Jan. 31.",/Date(1737672146813-0800)/,Medium,Northwest,"{'Description': None, 'Direction': 'W', 'Latitude': 47.669998679, 'Longitude': -122.107257427, 'MilePost': 12.83, 'RoadName': '520'}",/Date(1737679260000-0800)/,2025-01-30 15:37:13.277193,2
634031,,"{'Description': None, 'Direction': 'S', 'Latitude': 0, 'Longitude': 0, 'MilePost': 0, 'RoadName': '405'}",/Date(1738242000000-0800)/,Construction,Open,,"The southbound I-405 off-ramp to Sunset Boulevard Northeast will be closed overnight, 10 p.m. Wednesday, Jan. 29 – 5 a.m. Thursday, Jan. 30. A signed detour will be in place.",/Date(1738001717103-0800)/,Low,Northwest,"{'Description': None, 'Direction': 'S', 'Latitude': 47.493285075, 'Longitude': -122.192017792, 'MilePost': 4.75, 'RoadName': '405'}",/Date(1738137600000-0800)/,2025-01-30 15:37:13.277193,2
634305,Cowlitz,"{'Description': None, 'Direction': 'S', 'Latitude': 0, 'Longitude': 0, 'MilePost': 0, 'RoadName': '005'}",,Maintenance,Open,,"Maintenance on I-5 southbound at milepost 49 near Powell Road will be doing a rolling slow down for pothole repair, use caution and expect delays beginning at 8:56 am on January 30, 2025 until further notice. ",/Date(1738256234540-0800)/,Medium,Southwest,"{'Description': None, 'Direction': 'S', 'Latitude': 46.273283542, 'Longitude': -122.89645782, 'MilePost': 49.0, 'RoadName': '005'}",/Date(1738256160000-0800)/,2025-01-30 15:37:13.277193,2
626173,Ferry,"{'Description': None, 'Direction': 'B', 'Latitude': 0, 'Longitude': 0, 'MilePost': 0, 'RoadName': '020'}",,Pass Report,Open,,SR20 Sherman Pass conditions are:  bare and dry with ice in places. There are no restrictions at this time.,/Date(1738270626983-0800)/,Low,Eastern,"{'Description': None, 'Direction': 'B', 'Latitude': 48.607128186, 'Longitude': -118.47980373, 'MilePost': 319.45, 'RoadName': '020'}",/Date(1738270620000-0800)/,2025-01-30 15:37:13.277193,2
632724,,"{'Description': None, 'Direction': 'S', 'Latitude': 0, 'Longitude': 0, 'MilePost': 0, 'RoadName': '005'}",/Date(1738501200000-0800)/,Construction,Open,,"Sound Transit contractor crews will close the right lane on the South 272nd Street off-ramp from southbound I-5 from 10 p.m. on Saturday, Feb. 1 until 5 a.m. on Sunday, Feb. 2.",/Date(1737671687827-0800)/,Medium,Northwest,"{'Description': None, 'Direction': 'S', 'Latitude': 47.357921428, 'Longitude': -122.296710183, 'MilePost': 146.83, 'RoadName': '005'}",/Date(1737675180000-0800)/,2025-01-30 15:37:13.277193,2
634013,,"{'Description': None, 'Direction': 'N', 'Latitude': 47.571721291, 'Longitude': -122.17710341, 'MilePost': 10.5, 'RoadName': '405'}",/Date(1738328400000-0800)/,Construction,Open,,"Up to two lanes of northbound I-405 from milepost 9.5 to milepost 10.5 will be closed overnight, 9 p.m. Tuesday, Jan. 28 – 5 a.m. Wednesday, Jan. 29, and overnight,9 p.m. Thursday, Jan. 30 – 5 a.m. Friday, Jan. 31.",/Date(1737998828920-0800)/,Low,Northwest,"{'Description': None, 'Direction': 'N', 'Latitude': 47.560041747, 'Longitude': -122.187774576, 'MilePost': 9.5, 'RoadName': '405'}",/Date(1738051200000-0800)/,2025-01-30 15:37:13.277193,2
626169,Pend Oreille,"{'Description': None, 'Direction': 'B', 'Latitude': 48.17352249, 'Longitude': -117.066616315, 'MilePost': 332.76, 'RoadName': '002'}",,Road Report,Open,,"US2 from Spokane to Newport, road condition: bare and dry.",/Date(1738278934493-0800)/,Low,Eastern,"{'Description': None, 'Direction': 'B', 'Latitude': 47.751028683, 'Longitude': -117.40047858, 'MilePost': 293.8, 'RoadName': '002'}",/Date(1738278900000-0800)/,2025-01-30 15:37:13.277193,2
626159,Spokane,"{'Description': None, 'Direction': 'B', 'Latitude': 47.645344905, 'Longitude': -117.454060605, 'MilePost': 279.2, 'RoadName': '090'}",,Road Report,Open,,"I-90 from SR 904 to US195, road conditions are: bare and dry.",/Date(1738278992383-0800)/,Low,Eastern,"{'Description': None, 'Direction': 'B', 'Latitude': 47.433126691, 'Longitude': -117.793785086, 'MilePost': 257.42, 'RoadName': '090'}",/Date(1738278960000-0800)/,2025-01-30 15:37:13.277193,2
634338,,"{'Description': None, 'Direction': 'N', 'Latitude': 47.770253623, 'Longitude': -122.321461482, 'MilePost': 177.21, 'RoadName': '005'}",/Date(1738760400000-0800)/,Construction,Open,,"Sound Transit contractor crews will close the two right lanes on northbound I-5 between Northeast 175th Street and Northeast 190th Street from 11 p.m. to 5 a.m. nightly Monday, Feb. 3 through the morning of Wednesday, Feb. 5. The Northeast 175th Street on-ramp to northbound I-5 will also close at the same time.",/Date(1738268207900-0800)/,Low,Northwest,"{'Description': None, 'Direction': 'N', 'Latitude': 47.7543661, 'Longitude': -122.329989762, 'MilePost': 176.03, 'RoadName': '005'}",/Date(1738278900000-0800)/,2025-01-30 15:37:13.277193,2
634294,,"{'Description': None, 'Direction': 'N', 'Latitude': 47.671410002, 'Longitude': -117.363761838, 'MilePost': 180.0, 'RoadName': 'Greene'}",/Date(1738250940000-0800)/,Construction,Open,,"North Spokane Corridor construction will have intermittent single lane reductions for contractor crews to unload bridge deck reinforcements. Lane reductions are anticipated intermittently from Monday, Feb. 3, through Friday, Feb. 7.",/Date(1738251083743-0800)/,Lowest,Eastern,"{'Description': None, 'Direction': 'N', 'Latitude': 47.672078777, 'Longitude': -117.363779485, 'MilePost': 190.0, 'RoadName': 'Greene'}",/Date(1738250940000-0800)/,2025-01-30 15:37:13.277193,2
634016,,"{'Description': None, 'Direction': 'S', 'Latitude': 47.46405577, 'Longitude': -122.245133803, 'MilePost': 1.0, 'RoadName': '405'}",/Date(1738328400000-0800)/,Construction,Open,,"The HOV lane of southbound I-405 from Talbot Road South (milepost 3) to SR 181 (milepost 1) will be closed nightly, 10:15 p.m. Monday, Jan. 27 – 5 a.m. Friday, Jan. 31.",/Date(1737998991677-0800)/,Low,Northwest,"{'Description': None, 'Direction': 'S', 'Latitude': 47.471342, 'Longitude': -122.204799615, 'MilePost': 3.0, 'RoadName': '405'}",/Date(1737964800000-0800)/,2025-01-30 15:37:13.277193,2
567869,,"{'Description': None, 'Direction': 'B', 'Latitude': 47.644373883, 'Longitude': -122.303082155, 'MilePost': 1.0, 'RoadName': '520'}",,Construction,Open,,"Monday, Sept. 25, until further notice – A single lane in both directions of SR 520 near the Montlake Lid in Seattle will close for construction between 9 p.m. and 5 a.m. nightly Mondays through Thursdays.",/Date(1695685649607-0700)/,Medium,Northwest,"{'Description': None, 'Direction': 'B', 'Latitude': 47.64308269, 'Longitude': -122.313213219, 'MilePost': 0.5, 'RoadName': '520'}",/Date(1695682800000-0700)/,2025-01-30 15:37:13.277193,2
559925,,"{'Description': None, 'Direction': 'B', 'Latitude': 46.995566416, 'Longitude': -123.439536594, 'MilePost': 18.4, 'RoadName': '012'}",/Date(1767234360000-0800)/,Construction,Open,,"US 12 is reduced to one lane in each direction on the eastbound side of the highway. Work is for a <a href=""https://wsdot.wa.gov/construction-planning/search-projects/us-12-sr-8-grays-harbor-county-fish-passage-barriers-remove-fish-barriers"">fish barrier removal project</a> west of Schouweiler Road near Elma. The speed limit is reduced to 50 mph through the work zone.",/Date(1718032527957-0700)/,Medium,Olympic,"{'Description': None, 'Direction': 'B', 'Latitude': 46.998948573, 'Longitude': -123.472071089, 'MilePost': 16.83, 'RoadName': '012'}",/Date(1690593960000-0700)/,2025-01-30 15:37:13.277193,2
553707,,"{'Description': None, 'Direction': 'B', 'Latitude': 47.038164138, 'Longitude': -123.331272252, 'MilePost': 3.62, 'RoadName': '008'}",/Date(1767205140000-0800)/,Construction,Open,,"SR 8 is reduced to one lane in each direction on the eastbound side of the highway between Elma and McCleary. The speed limit is reduced to 50 mph for a <a href=""https://wsdot.wa.gov/construction-planning/search-projects/us-12-sr-8-grays-harbor-county-fish-passage-barriers-remove-fish-barriers"">fish barrier removal project</a>.",/Date(1727126548733-0700)/,Medium,Olympic,"{'Description': None, 'Direction': 'B', 'Latitude': 47.028588905, 'Longitude': -123.341267385, 'MilePost': 2.8, 'RoadName': '008'}",/Date(1686935940000-0700)/,2025-01-30 15:37:13.277193,2
632805,,"{'Description': None, 'Direction': 'B', 'Latitude': 48.908102104, 'Longitude': -122.363368641, 'MilePost': 6.56, 'RoadName': '544'}",/Date(1738069200000-0800)/,Construction,Open,,"From 9 p.m. Monday, Jan. 27 to 5 a.m. Tuesday, Jan. 28, crews will alternate traffic on State Route 544/Pole Road in Everson between Noon Road (milepost 4) and Sable Drive (milepost 7) for utility work.",/Date(1737746024837-0800)/,Medium,Northwest,"{'Description': None, 'Direction': 'B', 'Latitude': 48.891524784, 'Longitude': -122.39749959, 'MilePost': 4.02, 'RoadName': '544'}",/Date(1737745560000-0800)/,2025-01-30 15:37:13.277193,2
634001,,"{'Description': None, 'Direction': 'N', 'Latitude': 47.553544892, 'Longitude': -122.192449033, 'MilePost': 9.0, 'RoadName': '405'}",/Date(1738240200000-0800)/,Construction,Open,,"Up to two lanes of northbound I-405 from milepost 6 to milepost 9 will be closed overnight, 9:15 p.m. Monday, Jan. 27 – 4:30 a.m. Tuesday, Jan. 28, and overnight, 9:15 p.m. Wednesday, Jan. 29 – 4:30 a.m. Thursday, Jan 30.",/Date(1737996425223-0800)/,Low,Northwest,"{'Description': None, 'Direction': 'N', 'Latitude': 47.511010471, 'Longitude': -122.198008762, 'MilePost': 6.0, 'RoadName': '405'}",/Date(1737964800000-0800)/,2025-01-30 15:37:13.277193,2
626168,Stevens,"{'Description': None, 'Direction': 'B', 'Latitude': 48.529307531, 'Longitude': -117.903215666, 'MilePost': 228.43, 'RoadName': '395'}",,Road Report,Open,,"US395 from Clayton to Colville, road conditions are:  bare and dry.",/Date(1738279042470-0800)/,Low,Eastern,"{'Description': None, 'Direction': 'B', 'Latitude': 47.990618569, 'Longitude': -117.541458147, 'MilePost': 184.0, 'RoadName': '395'}",/Date(1738279020000-0800)/,2025-01-30 15:37:13.277193,2
634020,,"{'Description': None, 'Direction': 'S', 'Latitude': 47.583626278, 'Longitude': -122.176674838, 'MilePost': 11.4, 'RoadName': '405'}",/Date(1738155600000-0800)/,Construction,Open,,"Up to three lanes of southbound I-405 from Southeast Eighth Street (milepost 12) to I-90 (milepost 11.4) will be closed nightly, 8 p.m. Monday Jan. 27 – 5 a.m. Wednesday, Jan. 29.",/Date(1738000230347-0800)/,Low,Northwest,"{'Description': None, 'Direction': 'S', 'Latitude': 47.591955273, 'Longitude': -122.181281785, 'MilePost': 12.0, 'RoadName': '405'}",/Date(1737964800000-0800)/,2025-01-30 15:37:13.277193,2
632823,,"{'Description': None, 'Direction': 'S', 'Latitude': 47.794743364, 'Longitude': -122.214321715, 'MilePost': 26.75, 'RoadName': '405'}",/Date(1738504800000-0800)/,Maintenance,Open,,"Nightly from 10 p.m. to 6 a.m. Thursday, Jan. 30 to Saturday morning, Feb. 1, maintenance crews will close the left two lanes of southbound Interstate 405 in Bothell between 216th Street Southeast and SR 527/Bothell-Everett Highway for sign replacement.",/Date(1738182632320-0800)/,Low,Northwest,"{'Description': None, 'Direction': 'S', 'Latitude': 47.801379481, 'Longitude': -122.22522846, 'MilePost': 27.45, 'RoadName': '405'}",/Date(1737752400000-0800)/,2025-01-30 15:37:13.277193,2
608908,,"{'Description': None, 'Direction': 'W', 'Latitude': 47.503275769, 'Longitude': -121.821618061, 'MilePost': 29.0, 'RoadName': '090'}",,Construction,Open,,"Expect congestion in the right lanes of westbound I-90 before the off-ramp to SR 18 (exit 25), especially during peak travel times. Plan for delays and consider alternate routes. The <a href=""https://wsdot.wa.gov/construction-planning/search-projects/i-90-sr-18-interchange-improvements"">I-90/SR 18 Interchange Improvements</a> project is building a diverging diamond interchange that will improve traffic flow in the area when it opens in late 2024.",/Date(1723048475597-0700)/,Low,Northwest,"{'Description': None, 'Direction': 'W', 'Latitude': 47.50964164, 'Longitude': -121.878584419, 'MilePost': 25.91, 'RoadName': '090'}",/Date(1722980580000-0700)/,2025-01-30 15:37:13.277193,2
632770,,"{'Description': None, 'Direction': 'B', 'Latitude': 47.400891529, 'Longitude': -122.224353553, 'MilePost': 21.56, 'RoadName': '167'}",/Date(1738242000000-0800)/,Maintenance,Open,,"Nightly, from 8 p.m. to 5 a.m. Tuesday, Jan. 28 to Thursday morning, Jan. 30, maintenance crews will close the left lane of northbound and southbound State Route 167 in Auburn and Kent between just north of Stewart Road Southeast in Auburn and 84th Avenue South in Kent for a sweeping operation.",/Date(1737735511457-0800)/,Low,Northwest,"{'Description': None, 'Direction': 'B', 'Latitude': 47.257270744, 'Longitude': -122.259366864, 'MilePost': 11.17, 'RoadName': '167'}",/Date(1737733260000-0800)/,2025-01-30 15:37:13.277193,2
626561,,"{'Description': None, 'Direction': 'B', 'Latitude': 47.594396732, 'Longitude': -120.641039998, 'MilePost': 101.0, 'RoadName': '002'}",/Date(1735444800000-0800)/,Heavy traffic is causing backups and possible delays,Open,,"On US 2 between milepost 99 and 101 (city of Leavenworth), beginning Nov. 29, ""Village of Lights"" will bring increased vehicle and pedestrian traffic and longer than normal travel times in the area. 

The following days Nov. 30, Dec. 7, 14, 21, and 28, there will only be right turns allowed from Front St. at the US 2/Chumstick Highway signal. There will also be local road closures, temporary parking restrictions and intermittent flagger-controlled traffic depending on events schedule.",/Date(1732905135207-0800)/,Low,North Central,"{'Description': None, 'Direction': 'B', 'Latitude': 47.588199834, 'Longitude': -120.676151756, 'MilePost': 99.0, 'RoadName': '002'}",/Date(1732904160000-0800)/,2025-01-30 15:37:13.277193,2
634137,,"{'Description': None, 'Direction': 'B', 'Latitude': 47.70710803, 'Longitude': -122.60117261, 'MilePost': 8.8, 'RoadName': '305'}",/Date(1738155600000-0800)/,Construction,Open,,"From 8 p.m. Tuesday, Jan. 28 to 6 a.m. Wednesday, Jan. 29, travelers will see one-way alternating traffic on SR 305 between Suquamish and Poulsbo near Totten Road.",/Date(1738083970563-0800)/,High,Olympic,"{'Description': None, 'Direction': 'B', 'Latitude': 47.70710803, 'Longitude': -122.60117261, 'MilePost': 8.8, 'RoadName': '305'}",/Date(1738083660000-0800)/,2025-01-30 15:37:13.277193,2
624246,,"{'Description': None, 'Direction': 'B', 'Latitude': 48.726217349, 'Longitude': -121.063567097, 'MilePost': 134.0, 'RoadName': '020'}",,Closure,Open,,"As of Nov. 18, SR 20 North Cascades Highway is closed for the season between Ross Dam trailhead (milepost 134) on the west side and Silver Star gate on the east side (milepost 171) due to adverse conditions and avalanche risk.",/Date(1731957638573-0800)/,Highest,North Central,"{'Description': None, 'Direction': 'B', 'Latitude': 48.598437225, 'Longitude': -120.580070135, 'MilePost': 171.0, 'RoadName': '020'}",/Date(1731714600000-0800)/,2025-01-30 15:37:13.277193,2
