AverageTime,CurrentTime,Description,Distance,EndPoint,Name,StartPoint,TimeUpdated,TravelTimeID,timestamp
25,25,Everett to Downtown Seattle using HOV lanes,26.72,"{'Description': 'I-5 @ University St in Seattle', 'Direction': 'S', 'Latitude': 47.609294, 'Longitude': -122.331759, 'MilePost': 165.83, 'RoadName': '005'}",Everett-Seattle HOV,"{'Description': 'I-5 @ 41st St in Everett', 'Direction': 'S', 'Latitude': 47.964146, 'Longitude': -122.199237, 'MilePost': 192.55, 'RoadName': '005'}",/Date(1738215900000-0800)/,2,2025-01-29 21:47:52.451024
25,25,Downtown Seattle to Everett using HOV lanes,26.94,"{'Description': 'I-5 @ 41st St in Everett', 'Direction': 'N', 'Latitude': 47.92428, 'Longitude': -122.26548, 'MilePost': 192.77, 'RoadName': '005'}",Seattle-Everett HOV,"{'Description': 'I-5 @ University St in Seattle', 'Direction': 'N', 'Latitude': 47.609294, 'Longitude': -122.331759, 'MilePost': 165.83, 'RoadName': '005'}",/Date(1738215900000-0800)/,3,2025-01-29 21:47:52.451024
25,25,Downtown Seattle to Everett,26.94,"{'Description': 'I-5 @ 41st St in Everett', 'Direction': 'N', 'Latitude': 47.92428, 'Longitude': -122.26548, 'MilePost': 192.77, 'RoadName': '005'}",Seattle-Everett,"{'Description': 'I-5 @ University St in Seattle', 'Direction': 'N', 'Latitude': 47.609294, 'Longitude': -122.331759, 'MilePost': 165.83, 'RoadName': '005'}",/Date(1738215900000-0800)/,4,2025-01-29 21:47:52.451024
9,9,Downtown Bellevue to Issaquah,9.28,"{'Description': 'I-90 @ Front St in Issaquah', 'Direction': 'E', 'Latitude': 47.541799, 'Longitude': -122.037396, 'MilePost': 16.96, 'RoadName': '090'}",Bellevue-Issaquah,"{'Description': 'I-405 @ NE 8th St in Bellevue', 'Direction': 'S', 'Latitude': 47.6138, 'Longitude': -122.18892, 'MilePost': 13.33, 'RoadName': '405'}",/Date(1738215900000-0800)/,5,2025-01-29 21:47:52.451024
9,9,Downtown Bellevue to Issaquah using HOV lanes,9.28,"{'Description': 'I-90 @ Front St in Issaquah', 'Direction': 'E', 'Latitude': 47.541799, 'Longitude': -122.037396, 'MilePost': 16.96, 'RoadName': '090'}",Bellevue-Issaquah HOV,"{'Description': 'I-405 @ NE 8th St in Bellevue', 'Direction': 'S', 'Latitude': 47.6138, 'Longitude': -122.18892, 'MilePost': 13.33, 'RoadName': '405'}",/Date(1738215900000-0800)/,6,2025-01-29 21:47:52.451024
9,10,Issaquah to Downtown Bellevue using HOV lanes,9.25,"{'Description': 'I-405 @ NE 8th St in Bellevue', 'Direction': 'N', 'Latitude': 47.61361, 'Longitude': -122.18797, 'MilePost': 13.6, 'RoadName': '405'}",Issaquah-Bellevue HOV,"{'Description': 'I-90 @ Front St in Issaquah', 'Direction': 'W', 'Latitude': 47.541799, 'Longitude': -122.037396, 'MilePost': 16.96, 'RoadName': '090'}",/Date(1738215900000-0800)/,7,2025-01-29 21:47:52.451024
9,9,Issaquah to Downtown Bellevue,9.25,"{'Description': 'I-405 @ NE 8th St in Bellevue', 'Direction': 'N', 'Latitude': 47.61361, 'Longitude': -122.18797, 'MilePost': 13.6, 'RoadName': '405'}",Issaquah-Bellevue,"{'Description': 'I-90 @ Front St in Issaquah', 'Direction': 'W', 'Latitude': 47.541799, 'Longitude': -122.037396, 'MilePost': 16.96, 'RoadName': '090'}",/Date(1738215900000-0800)/,8,2025-01-29 21:47:52.451024
25,25,Downtown Bellevue to Everett,26.76,"{'Description': 'I-5 @ 41st St in Everett', 'Direction': 'N', 'Latitude': 47.92428, 'Longitude': -122.26548, 'MilePost': 192.77, 'RoadName': '005'}",Bellevue-Everett,"{'Description': 'I-405 @ NE 8th St in Bellevue', 'Direction': 'N', 'Latitude': 47.6138, 'Longitude': -122.18892, 'MilePost': 13.6, 'RoadName': '405'}",/Date(1738215900000-0800)/,9,2025-01-29 21:47:52.451024
25,25,Everett to Downtown Bellevue,26.86,"{'Description': 'I-405 @ NE 8th St in Bellevue', 'Direction': 'S', 'Latitude': 47.617307, 'Longitude': -122.188738, 'MilePost': 13.33, 'RoadName': '405'}",Everett-Bellevue,"{'Description': 'I-5 @ 41st St in Everett', 'Direction': 'S', 'Latitude': 47.964146, 'Longitude': -122.199237, 'MilePost': 192.55, 'RoadName': '005'}",/Date(1738215900000-0800)/,10,2025-01-29 21:47:52.451024
25,25,Downtown Bellevue to Everett using HOV lanes,26.76,"{'Description': 'I-5 @ 41st St in Everett', 'Direction': 'N', 'Latitude': 47.92428, 'Longitude': -122.26548, 'MilePost': 192.77, 'RoadName': '005'}",Bellevue-Everett HOV,"{'Description': 'I-405 @ NE 8th St in Bellevue', 'Direction': 'N', 'Latitude': 47.6138, 'Longitude': -122.18892, 'MilePost': 13.6, 'RoadName': '405'}",/Date(1738215900000-0800)/,11,2025-01-29 21:47:52.451024
26,26,Everett to Downtown Bellevue using HOV lanes,27.84,"{'Description': 'I-405 @ NE 8th St in Bellevue', 'Direction': 'S', 'Latitude': 47.617331, 'Longitude': -122.188782, 'MilePost': 13.33, 'RoadName': '405'}",Everett-Bellevue HOV,"{'Description': 'I-5 @ 41st St in Everett', 'Direction': 'S', 'Latitude': 47.964146, 'Longitude': -122.199237, 'MilePost': 192.55, 'RoadName': '005'}",/Date(1738215900000-0800)/,12,2025-01-29 21:47:52.451024
8,8,Federal Way to SeaTac,8.82,"{'Description': 'I-5 @ S 188th St in SeaTac', 'Direction': 'N', 'Latitude': 47.43876, 'Longitude': -122.26947, 'MilePost': 152.8, 'RoadName': '005'}",Federal Way-SeaTac,"{'Description': 'I-5 @ S 320th St in Federal Way', 'Direction': 'N', 'Latitude': 47.315446, 'Longitude': -122.296702, 'MilePost': 143.98, 'RoadName': '005'}",/Date(1738215900000-0800)/,13,2025-01-29 21:47:52.451024
8,8,Federal Way to SeaTac using HOV lanes,8.82,"{'Description': 'I-5 @ S 188th St in SeaTac', 'Direction': 'N', 'Latitude': 47.43876, 'Longitude': -122.26947, 'MilePost': 152.8, 'RoadName': '005'}",Federal Way-SeaTac HOV,"{'Description': 'I-5 @ S 320th St in Federal Way', 'Direction': 'N', 'Latitude': 47.315446, 'Longitude': -122.296702, 'MilePost': 143.98, 'RoadName': '005'}",/Date(1738215900000-0800)/,14,2025-01-29 21:47:52.451024
8,8,SeaTac to Federal Way using HOV lanes,9.16,"{'Description': 'I-5 @ S 320th St in Federal Way', 'Direction': 'S', 'Latitude': 47.31384, 'Longitude': -122.298609, 'MilePost': 143.64, 'RoadName': '005'}",SeaTac-Federal Way HOV,"{'Description': 'I-5 @ S 188th St in SeaTac', 'Direction': 'S', 'Latitude': 47.43876, 'Longitude': -122.26947, 'MilePost': 152.8, 'RoadName': '005'}",/Date(1738215900000-0800)/,15,2025-01-29 21:47:52.451024
8,8,SeaTac to Federal Way,9.16,"{'Description': 'I-5 @ S 320th St in Federal Way', 'Direction': 'S', 'Latitude': 47.31384, 'Longitude': -122.298609, 'MilePost': 143.64, 'RoadName': '005'}",SeaTac-Federal Way,"{'Description': 'I-5 @ S 188th St in SeaTac', 'Direction': 'S', 'Latitude': 47.43876, 'Longitude': -122.26947, 'MilePost': 152.8, 'RoadName': '005'}",/Date(1738215900000-0800)/,16,2025-01-29 21:47:52.451024
20,20,Federal Way to Downtown Seattle,21.85,"{'Description': 'I-5 @ University St in Seattle', 'Direction': 'N', 'Latitude': 47.609294, 'Longitude': -122.331759, 'MilePost': 165.83, 'RoadName': '005'}",Federal Way-Seattle,"{'Description': 'I-5 @ S 320th St in Federal Way', 'Direction': 'N', 'Latitude': 47.315446, 'Longitude': -122.296702, 'MilePost': 143.98, 'RoadName': '005'}",/Date(1738215900000-0800)/,17,2025-01-29 21:47:52.451024
20,20,Federal Way to Downtown Seattle using HOV lanes,21.85,"{'Description': 'I-5 @ University St in Seattle', 'Direction': 'N', 'Latitude': 47.609294, 'Longitude': -122.331759, 'MilePost': 165.83, 'RoadName': '005'}",Federal Way-Seattle HOV,"{'Description': 'I-5 @ S 320th St in Federal Way', 'Direction': 'N', 'Latitude': 47.315446, 'Longitude': -122.296702, 'MilePost': 143.98, 'RoadName': '005'}",/Date(1738215900000-0800)/,18,2025-01-29 21:47:52.451024
20,20,Downtown Seattle to Federal Way using HOV lanes,22.19,"{'Description': 'I-5 @ S 320th St in Federal Way', 'Direction': 'S', 'Latitude': 47.31384, 'Longitude': -122.298609, 'MilePost': 143.64, 'RoadName': '005'}",Seattle-Federal Way HOV,"{'Description': 'I-5 @ University St in Seattle', 'Direction': 'S', 'Latitude': 47.609294, 'Longitude': -122.331759, 'MilePost': 165.83, 'RoadName': '005'}",/Date(1738215900000-0800)/,19,2025-01-29 21:47:52.451024
20,20,Downtown Seattle to Federal Way,22.19,"{'Description': 'I-5 @ S 320th St in Federal Way', 'Direction': 'S', 'Latitude': 47.31384, 'Longitude': -122.298609, 'MilePost': 143.64, 'RoadName': '005'}",Seattle-Federal Way,"{'Description': 'I-5 @ University St in Seattle', 'Direction': 'S', 'Latitude': 47.609294, 'Longitude': -122.331759, 'MilePost': 165.83, 'RoadName': '005'}",/Date(1738215900000-0800)/,20,2025-01-29 21:47:52.451024
23,23,Downtown Bellevue to Federal Way,24.47,"{'Description': 'I-5 @ S 320th St in Federal Way', 'Direction': 'S', 'Latitude': 47.31384, 'Longitude': -122.298609, 'MilePost': 143.64, 'RoadName': '005'}",Bellevue-Federal Way,"{'Description': 'I-405 @ NE 8th St in Bellevue', 'Direction': 'S', 'Latitude': 47.6138, 'Longitude': -122.18892, 'MilePost': 13.33, 'RoadName': '405'}",/Date(1738215900000-0800)/,21,2025-01-29 21:47:52.451024
22,22,Federal Way to Downtown Bellevue,24.13,"{'Description': 'I-405 @ NE 8th St in Bellevue', 'Direction': 'N', 'Latitude': 47.61361, 'Longitude': -122.18797, 'MilePost': 13.6, 'RoadName': '405'}",Federal Way-Bellevue,"{'Description': 'I-5 @ S 320th St in Federal Way', 'Direction': 'N', 'Latitude': 47.315446, 'Longitude': -122.296702, 'MilePost': 143.98, 'RoadName': '005'}",/Date(1738215900000-0800)/,22,2025-01-29 21:47:52.451024
23,23,Downtown Bellevue to Federal Way using HOV lanes,24.62,"{'Description': 'I-5 @ S 320th St in Federal Way', 'Direction': 'S', 'Latitude': 47.31384, 'Longitude': -122.298609, 'MilePost': 143.64, 'RoadName': '005'}",Bellevue-Federal Way HOV,"{'Description': 'I-405 @ NE 8th St in Bellevue', 'Direction': 'S', 'Latitude': 47.6138, 'Longitude': -122.18892, 'MilePost': 13.33, 'RoadName': '405'}",/Date(1738215900000-0800)/,23,2025-01-29 21:47:52.451024
23,23,Federal Way to Downtown Bellevue using HOV lanes,24.13,"{'Description': 'I-405 @ NE 8th St in Bellevue', 'Direction': 'N', 'Latitude': 47.61361, 'Longitude': -122.18797, 'MilePost': 13.6, 'RoadName': '405'}",Federal Way-Bellevue HOV,"{'Description': 'I-5 @ S 320th St in Federal Way', 'Direction': 'N', 'Latitude': 47.315446, 'Longitude': -122.296702, 'MilePost': 143.98, 'RoadName': '005'}",/Date(1738215900000-0800)/,24,2025-01-29 21:47:52.451024
15,15,Downtown Seattle to Lynnwood using HOV lanes,15.73,"{'Description': 'I-5 @ 196th St SW in Lynnwood', 'Direction': 'N', 'Latitude': 47.819545, 'Longitude': -122.279109, 'MilePost': 181.56, 'RoadName': '005'}",Seattle-Lynnwood HOV,"{'Description': 'I-5 @ University St in Seattle', 'Direction': 'N', 'Latitude': 47.609294, 'Longitude': -122.331759, 'MilePost': 165.83, 'RoadName': '005'}",/Date(1738215900000-0800)/,25,2025-01-29 21:47:52.451024
14,14,Lynnwood to Downtown Seattle,15.23,"{'Description': 'I-5 @ University St in Seattle', 'Direction': 'S', 'Latitude': 47.609294, 'Longitude': -122.331759, 'MilePost': 165.83, 'RoadName': '005'}",Lynnwood-Seattle,"{'Description': 'I-5 @ 196th St SW in Lynnwood', 'Direction': 'S', 'Latitude': 47.820954, 'Longitude': -122.279633, 'MilePost': 181.06, 'RoadName': '005'}",/Date(1738215900000-0800)/,26,2025-01-29 21:47:52.451024
15,15,Downtown Seattle to Lynnwood,15.73,"{'Description': 'I-5 @ 196th St SW in Lynnwood', 'Direction': 'N', 'Latitude': 47.819545, 'Longitude': -122.279109, 'MilePost': 181.56, 'RoadName': '005'}",Seattle-Lynnwood,"{'Description': 'I-5 @ University St in Seattle', 'Direction': 'N', 'Latitude': 47.609294, 'Longitude': -122.331759, 'MilePost': 165.83, 'RoadName': '005'}",/Date(1738215900000-0800)/,27,2025-01-29 21:47:52.451024
13,13,Renton to Downtown Seattle using HOV lanes,13.5,"{'Description': 'I-5 @ University St in Seattle', 'Direction': 'N', 'Latitude': 47.609294, 'Longitude': -122.331759, 'MilePost': 165.83, 'RoadName': '005'}",Renton-Seattle HOV,"{'Description': 'I-405 @ SR 167 in Renton', 'Direction': 'S', 'Latitude': 47.458, 'Longitude': -122.217, 'MilePost': 2.21, 'RoadName': '405'}",/Date(1738215900000-0800)/,30,2025-01-29 21:47:52.451024
13,13,Downtown Seattle to Renton using HOV lanes,13.59,"{'Description': 'I-405 @ SR 167 in Renton', 'Direction': 'N', 'Latitude': 47.467434, 'Longitude': -122.219631, 'MilePost': 2.21, 'RoadName': '405'}",Seattle-Renton HOV,"{'Description': 'I-5 @ University St in Seattle', 'Direction': 'S', 'Latitude': 47.609294, 'Longitude': -122.331759, 'MilePost': 165.83, 'RoadName': '005'}",/Date(1738215900000-0800)/,31,2025-01-29 21:47:52.451024
13,13,Renton to Downtown Seattle,13.67,"{'Description': 'I-5 @ University St in Seattle', 'Direction': 'N', 'Latitude': 47.609294, 'Longitude': -122.331759, 'MilePost': 165.83, 'RoadName': '005'}",Renton-Seattle,"{'Description': 'I-405 @ SR 167 in Renton', 'Direction': 'S', 'Latitude': 47.458, 'Longitude': -122.217, 'MilePost': 2.21, 'RoadName': '405'}",/Date(1738215900000-0800)/,32,2025-01-29 21:47:52.451024
13,13,Downtown Seattle to Renton,13.63,"{'Description': 'I-405 @ SR 167 in Renton', 'Direction': 'N', 'Latitude': 47.467434, 'Longitude': -122.219631, 'MilePost': 2.21, 'RoadName': '405'}",Seattle-Renton,"{'Description': 'I-5 @ University St in Seattle', 'Direction': 'S', 'Latitude': 47.609294, 'Longitude': -122.331759, 'MilePost': 165.83, 'RoadName': '005'}",/Date(1738215900000-0800)/,33,2025-01-29 21:47:52.451024
15,15,Downtown Bellevue to Lynnwood,16.46,"{'Description': 'I-405 @ I-5 in Lynnwood', 'Direction': 'N', 'Latitude': 47.8237, 'Longitude': -122.2517, 'MilePost': 30.06, 'RoadName': '405'}",Bellevue-Lynnwood,"{'Description': 'I-405 @ NE 8th St in Bellevue', 'Direction': 'N', 'Latitude': 47.6138, 'Longitude': -122.18892, 'MilePost': 13.6, 'RoadName': '405'}",/Date(1738215900000-0800)/,35,2025-01-29 21:47:52.451024
15,15,Downtown Bellevue to Lynnwood using HOV lanes,15.93,"{'Description': 'I-5 @ SR 526 in Lynnwood', 'Direction': 'N', 'Latitude': 47.920431, 'Longitude': -122.206552, 'MilePost': 29.53, 'RoadName': '405'}",Bellevue-Lynnwood HOV,"{'Description': 'I-405 @ NE 8th St in Bellevue', 'Direction': 'N', 'Latitude': 47.6138, 'Longitude': -122.18892, 'MilePost': 13.6, 'RoadName': '405'}",/Date(1738215900000-0800)/,36,2025-01-29 21:47:52.451024
15,15,Lynnwood to Downtown Bellevue using HOV lanes,16.73,"{'Description': 'I-405 @ NE 8th St in Bellevue', 'Direction': 'S', 'Latitude': 47.6138, 'Longitude': -122.18892, 'MilePost': 13.33, 'RoadName': '405'}",Lynnwood-Bellevue HOV,"{'Description': 'I-5 @ SR 526 in Lynnwood', 'Direction': 'S', 'Latitude': 47.831743, 'Longitude': -122.262488, 'MilePost': 30.06, 'RoadName': '405'}",/Date(1738215900000-0800)/,37,2025-01-29 21:47:52.451024
15,15,Lynnwood to Downtown Bellevue,16.73,"{'Description': 'I-405 @ NE 8th St in Bellevue', 'Direction': 'S', 'Latitude': 47.6138, 'Longitude': -122.18892, 'MilePost': 13.33, 'RoadName': '405'}",Lynnwood-Bellevue,"{'Description': 'I-405 @ I-5 in Lynnwood', 'Direction': 'S', 'Latitude': 47.831743, 'Longitude': -122.262488, 'MilePost': 30.06, 'RoadName': '405'}",/Date(1738215900000-0800)/,38,2025-01-29 21:47:52.451024
0,0,Everett to Downtown Seattle using express lanes,26.72,"{'Description': 'I-5 @ University St in Seattle', 'Direction': 'S', 'Latitude': 47.609294, 'Longitude': -122.331759, 'MilePost': 165.83, 'RoadName': '005'}",Everett-Seattle EL,"{'Description': 'I-5 @ 41st St in Everett', 'Direction': 'S', 'Latitude': 47.964146, 'Longitude': -122.199237, 'MilePost': 192.55, 'RoadName': '005'}",/Date(1738215900000-0800)/,39,2025-01-29 21:47:52.451024
0,0,Everett to Downtown Seattle using express lanes and HOV lanes,26.72,"{'Description': 'I-5 @ University St in Seattle', 'Direction': 'S', 'Latitude': 47.609294, 'Longitude': -122.331759, 'MilePost': 165.83, 'RoadName': '005'}",Everett-Seattle EL HOV,"{'Description': 'I-5 @ 41st St in Everett', 'Direction': 'S', 'Latitude': 47.964146, 'Longitude': -122.199237, 'MilePost': 192.55, 'RoadName': '005'}",/Date(1738215900000-0800)/,40,2025-01-29 21:47:52.451024
12,12,SeaTac to Downtown Seattle using HOV lanes,13.03,"{'Description': 'I-5 @ University St in Seattle', 'Direction': 'N', 'Latitude': 47.609294, 'Longitude': -122.331759, 'MilePost': 165.83, 'RoadName': '005'}",SeaTac-Seattle HOV,"{'Description': 'I-5 @ S 188th St in SeaTac', 'Direction': 'N', 'Latitude': 47.43876, 'Longitude': -122.26947, 'MilePost': 152.8, 'RoadName': '005'}",/Date(1738215900000-0800)/,41,2025-01-29 21:47:52.451024
12,12,Downtown Seattle to SeaTac using HOV lanes,13.03,"{'Description': 'I-5 @ S 188th St in SeaTac', 'Direction': 'S', 'Latitude': 47.43876, 'Longitude': -122.26947, 'MilePost': 152.8, 'RoadName': '005'}",Seattle-SeaTac HOV,"{'Description': 'I-5 @ University St in Seattle', 'Direction': 'S', 'Latitude': 47.609294, 'Longitude': -122.331759, 'MilePost': 165.83, 'RoadName': '005'}",/Date(1738215900000-0800)/,42,2025-01-29 21:47:52.451024
12,12,SeaTac to Downtown Seattle,13.03,"{'Description': 'I-5 @ University St in Seattle', 'Direction': 'N', 'Latitude': 47.609294, 'Longitude': -122.331759, 'MilePost': 165.83, 'RoadName': '005'}",SeaTac-Seattle,"{'Description': 'I-5 @ S 188th St in SeaTac', 'Direction': 'N', 'Latitude': 47.43876, 'Longitude': -122.26947, 'MilePost': 152.8, 'RoadName': '005'}",/Date(1738215900000-0800)/,43,2025-01-29 21:47:52.451024
12,12,Downtown Seattle to SeaTac,13.03,"{'Description': 'I-5 @ S 188th St in SeaTac', 'Direction': 'S', 'Latitude': 47.43876, 'Longitude': -122.26947, 'MilePost': 152.8, 'RoadName': '005'}",Seattle-SeaTac,"{'Description': 'I-5 @ University St in Seattle', 'Direction': 'S', 'Latitude': 47.609294, 'Longitude': -122.331759, 'MilePost': 165.83, 'RoadName': '005'}",/Date(1738215900000-0800)/,44,2025-01-29 21:47:52.451024
28,28,Alderwood to Southcenter via I-405,29.95,"{'Description': 'I-405 @ I-5 in Tukwila', 'Direction': 'S', 'Latitude': 47.463303, 'Longitude': -122.262701, 'MilePost': 0.11, 'RoadName': '405'}",Alderwood-Southcenter via 405,"{'Description': 'I-405 @ SR 525 in Lynnwood', 'Direction': 'S', 'Latitude': 47.8308, 'Longitude': -122.2636, 'MilePost': 30.06, 'RoadName': '405'}",/Date(1738215900000-0800)/,51,2025-01-29 21:47:52.451024
26,26,Alderwood to Southcenter via I-5,27.97,"{'Description': 'I-5 @ I-405 in Tukwila', 'Direction': 'S', 'Latitude': 47.4648, 'Longitude': -122.2657, 'MilePost': 154.65, 'RoadName': '005'}",Alderwood-Southcenter via 5,"{'Description': 'I-5 @ I-405 in Lynnwood', 'Direction': 'S', 'Latitude': 47.8308, 'Longitude': -122.2636, 'MilePost': 182.62, 'RoadName': '005'}",/Date(1738215900000-0800)/,52,2025-01-29 21:47:52.451024
27,27,Southcenter to Alderwood via I-405,29.62,"{'Description': 'I-5 @ I-405 in Lynnwood', 'Direction': 'N', 'Latitude': 47.8308, 'Longitude': -122.2636, 'MilePost': 30.06, 'RoadName': '405'}",Southcenter-Alderwood via 405,"{'Description': 'I-405 @ I-5 in Tukwila', 'Direction': 'N', 'Latitude': 47.4648, 'Longitude': -122.2657, 'MilePost': 0.44, 'RoadName': '405'}",/Date(1738215900000-0800)/,53,2025-01-29 21:47:52.451024
25,25,I-5 NB from I-5 @ I-405 in Tukwila (MP 155) to I-5 @ I-405 in L,27.39,"{'Description': 'I-5 @ I-405 in Lynnwood', 'Direction': 'N', 'Latitude': 47.8308, 'Longitude': -122.2636, 'MilePost': 182.04, 'RoadName': '005'}",Southcenter-Alderwood via 5,"{'Description': 'I-5 @ I-405 in Tukwila', 'Direction': 'N', 'Latitude': 47.4648, 'Longitude': -122.2657, 'MilePost': 154.65, 'RoadName': '005'}",/Date(1738215900000-0800)/,54,2025-01-29 21:47:52.451024
9,9,Downtown Bellevue to SR 522 in Bothell using HOV lanes,9.41,"{'Description': 'I-405 @ SR 522 in Bothell', 'Direction': 'N', 'Latitude': 47.751518, 'Longitude': -122.187178, 'MilePost': 23.01, 'RoadName': '405'}",Bellevue-SR 522 HOV,"{'Description': 'I-405 @ NE 8th St in Bellevue', 'Direction': 'N', 'Latitude': 47.6138, 'Longitude': -122.18892, 'MilePost': 13.6, 'RoadName': '405'}",/Date(1738215900000-0800)/,56,2025-01-29 21:47:52.451024
9,9,SR 522 in Bothell to Downtown Bellevue using HOV lanes,9.68,"{'Description': 'I-405 @ NE 8th St in Bellevue', 'Direction': 'S', 'Latitude': 47.6138, 'Longitude': -122.18892, 'MilePost': 13.33, 'RoadName': '405'}",SR 522-Bellevue HOV,"{'Description': 'I-405 @ SR 522 in Bothell', 'Direction': 'S', 'Latitude': 47.751518, 'Longitude': -122.187178, 'MilePost': 23.01, 'RoadName': '405'}",/Date(1738215900000-0800)/,57,2025-01-29 21:47:52.451024
9,9,SR 522 in Bothell to Downtown Bellevue,9.68,"{'Description': 'I-405 @ NE 8th St in Bellevue', 'Direction': 'S', 'Latitude': 47.6138, 'Longitude': -122.18892, 'MilePost': 13.33, 'RoadName': '405'}",SR 522-Bellevue,"{'Description': 'I-405 @ SR 522 in Bothell', 'Direction': 'S', 'Latitude': 47.751518, 'Longitude': -122.187178, 'MilePost': 23.01, 'RoadName': '405'}",/Date(1738215900000-0800)/,58,2025-01-29 21:47:52.451024
20,20,Woodinville to Downtown Seattle,20.76,"{'Description': 'I-5 @ University St in Seattle', 'Direction': 'N', 'Latitude': 47.609294, 'Longitude': -122.331759, 'MilePost': 165.83, 'RoadName': '005'}",Woodinville-Seattle via 90,"{'Description': 'SR 522 @ SR 202 in Woodinville', 'Direction': 'S', 'Latitude': 47.75818, 'Longitude': -122.16402, 'MilePost': 23.01, 'RoadName': '405'}",/Date(1738215900000-0800)/,59,2025-01-29 21:47:52.451024
17,17,Woodinville to Downtown Seattle,17.25,"{'Description': 'I-5 @ University St in Seattle', 'Direction': 'S', 'Latitude': 47.609294, 'Longitude': -122.331759, 'MilePost': 165.83, 'RoadName': '005'}",Woodinville-Seattle via 520,"{'Description': 'SR 522 @ SR 202 in Woodinville', 'Direction': 'W', 'Latitude': 47.75818, 'Longitude': -122.16402, 'MilePost': 23.01, 'RoadName': '405'}",/Date(1738215900000-0800)/,60,2025-01-29 21:47:52.451024
12,12,Downtown Bellevue to Tukwila,13.22,"{'Description': 'I-405 @ I-5 in Tukwila', 'Direction': 'S', 'Latitude': 47.463303, 'Longitude': -122.262701, 'MilePost': 0.11, 'RoadName': '405'}",Bellevue-Tukwila,"{'Description': 'I-405 @ NE 8th St in Bellevue', 'Direction': 'S', 'Latitude': 47.6138, 'Longitude': -122.18892, 'MilePost': 13.33, 'RoadName': '405'}",/Date(1738215900000-0800)/,63,2025-01-29 21:47:52.451024
12,12,Downtown Bellevue to Tukwila using HOV lanes,13.22,"{'Description': 'I-405 @ I-5 in Tukwila', 'Direction': 'S', 'Latitude': 47.463303, 'Longitude': -122.262701, 'MilePost': 0.11, 'RoadName': '405'}",Bellevue-Tukwila HOV,"{'Description': 'I-405 @ NE 8th St in Bellevue', 'Direction': 'S', 'Latitude': 47.6138, 'Longitude': -122.18892, 'MilePost': 13.33, 'RoadName': '405'}",/Date(1738215900000-0800)/,64,2025-01-29 21:47:52.451024
13,14,Tukwila to Downtown Bellevue using HOV lanes,13.49,"{'Description': 'I-405 @ NE 8th St in Bellevue', 'Direction': 'N', 'Latitude': 47.61361, 'Longitude': -122.18797, 'MilePost': 13.6, 'RoadName': '405'}",Tukwila-Bellevue HOV,"{'Description': 'I-405 @ I-5 in Tukwila', 'Direction': 'N', 'Latitude': 47.4648, 'Longitude': -122.2657, 'MilePost': 0.11, 'RoadName': '405'}",/Date(1738215900000-0800)/,65,2025-01-29 21:47:52.451024
9,9,Auburn to Renton,10.28,"{'Description': 'SR 167 @ I-405 in Renton', 'Direction': 'N', 'Latitude': 47.458, 'Longitude': -122.217, 'MilePost': 26.14, 'RoadName': '167'}",Auburn-Renton,"{'Description': 'SR 167 @ 15th St NW in Auburn', 'Direction': 'N', 'Latitude': 47.323, 'Longitude': -122.244, 'MilePost': 15.86, 'RoadName': '167'}",/Date(1738215900000-0800)/,67,2025-01-29 21:47:52.451024
9,9,Auburn to Renton using HOV lanes,10.28,"{'Description': 'SR 167 @ I-405 in Renton', 'Direction': 'N', 'Latitude': 47.458, 'Longitude': -122.217, 'MilePost': 26.14, 'RoadName': '167'}",Auburn-Renton HOV,"{'Description': 'SR 167 @ 15th St NW in Auburn', 'Direction': 'N', 'Latitude': 47.323, 'Longitude': -122.244, 'MilePost': 15.86, 'RoadName': '167'}",/Date(1738215900000-0800)/,68,2025-01-29 21:47:52.451024
9,9,Renton to Auburn using HOV lanes,10.28,"{'Description': 'SR 167 @ 15th St NW in Auburn', 'Direction': 'S', 'Latitude': 47.323, 'Longitude': -122.244, 'MilePost': 15.86, 'RoadName': '167'}",Renton-Auburn HOV,"{'Description': 'SR 167 @ I-405 in Renton', 'Direction': 'S', 'Latitude': 47.458, 'Longitude': -122.217, 'MilePost': 26.14, 'RoadName': '167'}",/Date(1738215900000-0800)/,69,2025-01-29 21:47:52.451024
9,9,Renton to Auburn,10.28,"{'Description': 'SR 167 @ 15th St NW in Auburn', 'Direction': 'S', 'Latitude': 47.323, 'Longitude': -122.244, 'MilePost': 15.86, 'RoadName': '167'}",Renton-Auburn,"{'Description': 'SR 167 @ I-405 in Renton', 'Direction': 'S', 'Latitude': 47.458, 'Longitude': -122.217, 'MilePost': 26.14, 'RoadName': '167'}",/Date(1738215900000-0800)/,70,2025-01-29 21:47:52.451024
15,15,Issaquah to Downtown Seattle using HOV lanes,15.56,"{'Description': 'I-5 @ University St in Seattle', 'Direction': 'N', 'Latitude': 47.609294, 'Longitude': -122.331759, 'MilePost': 165.83, 'RoadName': '005'}",Issaquah-Seattle HOV,"{'Description': 'I-90 @ Front St in Issaquah', 'Direction': 'W', 'Latitude': 47.541799, 'Longitude': -122.037396, 'MilePost': 16.96, 'RoadName': '090'}",/Date(1738215900000-0800)/,71,2025-01-29 21:47:52.451024
14,18,Downtown Seattle to Issaquah using HOV lanes,14.98,"{'Description': 'I-90 @ Front St in Issaquah', 'Direction': 'E', 'Latitude': 47.541799, 'Longitude': -122.037396, 'MilePost': 16.96, 'RoadName': '090'}",Seattle-Issaquah HOV,"{'Description': 'I-5 @ University St in Seattle', 'Direction': 'S', 'Latitude': 47.609294, 'Longitude': -122.331759, 'MilePost': 165.13, 'RoadName': '005'}",/Date(1738215900000-0800)/,72,2025-01-29 21:47:52.451024
15,15,Issaquah to Downtown Seattle,15.56,"{'Description': 'I-5 @ University St in Seattle', 'Direction': 'N', 'Latitude': 47.609294, 'Longitude': -122.331759, 'MilePost': 165.83, 'RoadName': '005'}",Issaquah-Seattle,"{'Description': 'I-90 @ Front St in Issaquah', 'Direction': 'W', 'Latitude': 47.541799, 'Longitude': -122.037396, 'MilePost': 16.96, 'RoadName': '090'}",/Date(1738215900000-0800)/,73,2025-01-29 21:47:52.451024
15,18,Downtown Seattle to Issaquah,15.68,"{'Description': 'I-90 @ Front St in Issaquah', 'Direction': 'E', 'Latitude': 47.541799, 'Longitude': -122.037396, 'MilePost': 16.96, 'RoadName': '090'}",Seattle-Issaquah,"{'Description': 'I-5 @ University St in Seattle', 'Direction': 'S', 'Latitude': 47.609294, 'Longitude': -122.331759, 'MilePost': 165.83, 'RoadName': '005'}",/Date(1738215900000-0800)/,74,2025-01-29 21:47:52.451024
14,14,Redmond to Downtown Seattle using HOV lanes,14.81,"{'Description': 'I-5 @ University St in Seattle', 'Direction': 'S', 'Latitude': 47.609294, 'Longitude': -122.331759, 'MilePost': 165.83, 'RoadName': '005'}",Redmond-Seattle HOV,"{'Description': 'SR 520 @ Redmond Way in Redmond', 'Direction': 'W', 'Latitude': 47.668087, 'Longitude': -122.110145, 'MilePost': 12.65, 'RoadName': '520'}",/Date(1738215900000-0800)/,77,2025-01-29 21:47:52.451024
14,14,Downtown Seattle to Redmond using HOV lanes,14.56,"{'Description': 'SR 520 @ Redmond Way in Redmond', 'Direction': 'E', 'Latitude': 47.668087, 'Longitude': -122.110145, 'MilePost': 12.66, 'RoadName': '520'}",Seattle-Redmond HOV,"{'Description': 'I-5 @ University St in Seattle', 'Direction': 'N', 'Latitude': 47.609294, 'Longitude': -122.331759, 'MilePost': 165.83, 'RoadName': '005'}",/Date(1738215900000-0800)/,78,2025-01-29 21:47:52.451024
14,14,Redmond to Downtown Seattle,14.81,"{'Description': 'I-5 @ University St in Seattle', 'Direction': 'S', 'Latitude': 47.609294, 'Longitude': -122.331759, 'MilePost': 165.83, 'RoadName': '005'}",Redmond-Seattle,"{'Description': 'SR 520 @ Redmond Way in Redmond', 'Direction': 'W', 'Latitude': 47.668087, 'Longitude': -122.110145, 'MilePost': 12.65, 'RoadName': '520'}",/Date(1738215900000-0800)/,79,2025-01-29 21:47:52.451024
32,32,Downtown Seattle to Redmond,14.56,"{'Description': 'SR 520 @ Redmond Way in Redmond', 'Direction': 'E', 'Latitude': 47.668087, 'Longitude': -122.110145, 'MilePost': 12.66, 'RoadName': '520'}",Seattle-Redmond,"{'Description': 'I-5 @ University St in Seattle', 'Direction': 'N', 'Latitude': 47.609294, 'Longitude': -122.331759, 'MilePost': 165.83, 'RoadName': '005'}",/Date(1738215900000-0800)/,80,2025-01-29 21:47:52.451024
18,18,Redmond to Downtown Seattle using HOV lanes via I-90,18.34,"{'Description': 'I-5 @ University St in Seattle', 'Direction': 'N', 'Latitude': 47.609294, 'Longitude': -122.331759, 'MilePost': 165.83, 'RoadName': '005'}",Redmond-Seattle via 90 HOV,"{'Description': 'SR 520 @ Redmond Way in Redmond', 'Direction': 'W', 'Latitude': 47.668087, 'Longitude': -122.110145, 'MilePost': 12.65, 'RoadName': '520'}",/Date(1738215900000-0800)/,81,2025-01-29 21:47:52.451024
18,21,Downtown Seattle to Redmond via I-90 using HOV lanes,17.36,"{'Description': 'SR 520 @ Redmond Way in Redmond', 'Direction': 'E', 'Latitude': 47.668087, 'Longitude': -122.110145, 'MilePost': 12.66, 'RoadName': '520'}",Seattle-Redmond via 90 HOV,"{'Description': 'I-5 @ University St in Seattle', 'Direction': 'S', 'Latitude': 47.609294, 'Longitude': -122.331759, 'MilePost': 165.13, 'RoadName': '005'}",/Date(1738215900000-0800)/,82,2025-01-29 21:47:52.451024
18,18,Redmond to Downtown Seattle via I-90,18.05,"{'Description': 'I-5 @ University St in Seattle', 'Direction': 'N', 'Latitude': 47.609294, 'Longitude': -122.331759, 'MilePost': 165.83, 'RoadName': '005'}",Redmond-Seattle via 90,"{'Description': 'SR 520 @ Redmond Way in Redmond', 'Direction': 'W', 'Latitude': 47.668087, 'Longitude': -122.110145, 'MilePost': 12.65, 'RoadName': '520'}",/Date(1738215900000-0800)/,83,2025-01-29 21:47:52.451024
17,21,Downtown Seattle to Redmond via I-90,17.36,"{'Description': 'SR 520 @ Redmond Way in Redmond', 'Direction': 'E', 'Latitude': 47.668087, 'Longitude': -122.110145, 'MilePost': 12.66, 'RoadName': '520'}",Seattle-Redmond via 90,"{'Description': 'I-5 @ University St in Seattle', 'Direction': 'S', 'Latitude': 47.609294, 'Longitude': -122.331759, 'MilePost': 165.13, 'RoadName': '005'}",/Date(1738215900000-0800)/,84,2025-01-29 21:47:52.451024
11,11,Downtown Bellevue to Downtown Seattle using SR 520,10.53,"{'Description': 'I-5 @ University St in Seattle', 'Direction': 'S', 'Latitude': 47.609294, 'Longitude': -122.331759, 'MilePost': 165.83, 'RoadName': '005'}",Bellevue-Seattle via 520,"{'Description': 'I-405 @ NE 8th St in Bellevue', 'Direction': 'N', 'Latitude': 47.6138, 'Longitude': -122.18892, 'MilePost': 13.6, 'RoadName': '405'}",/Date(1738215900000-0800)/,89,2025-01-29 21:47:52.451024
10,10,Downtown Bellevue to Downtown Seattle via SR 520 using HOV lane,9.75,"{'Description': 'I-5 @ University St in Seattle', 'Direction': 'S', 'Latitude': 47.609294, 'Longitude': -122.331759, 'MilePost': 166.61, 'RoadName': '005'}",Bellevue-Seattle via 520 HOV,"{'Description': 'I-405 @ NE 8th St in Bellevue', 'Direction': 'N', 'Latitude': 47.6138, 'Longitude': -122.18892, 'MilePost': 13.6, 'RoadName': '405'}",/Date(1738215900000-0800)/,90,2025-01-29 21:47:52.451024
10,10,Downtown Seattle to Downtown Bellevue via SR 520 using HOV lane,10.46,"{'Description': 'I-405 @ NE 8th St in Bellevue', 'Direction': 'S', 'Latitude': 47.6138, 'Longitude': -122.18892, 'MilePost': 13.33, 'RoadName': '405'}",Seattle-Bellevue via 520 HOV,"{'Description': 'I-5 @ University St in Seattle', 'Direction': 'N', 'Latitude': 47.609294, 'Longitude': -122.331759, 'MilePost': 165.83, 'RoadName': '005'}",/Date(1738215900000-0800)/,91,2025-01-29 21:47:52.451024
10,10,Downtown Seattle to Downtown Bellevue via SR 520,10.31,"{'Description': 'I-405 @ NE 8th St in Bellevue', 'Direction': 'S', 'Latitude': 47.6138, 'Longitude': -122.18892, 'MilePost': 13.33, 'RoadName': '405'}",Seattle-Bellevue via 520,"{'Description': 'I-5 @ University St in Seattle', 'Direction': 'N', 'Latitude': 47.609294, 'Longitude': -122.331759, 'MilePost': 165.83, 'RoadName': '005'}",/Date(1738215900000-0800)/,92,2025-01-29 21:47:52.451024
11,11,Downtown Bellevue to Downtown Seattle using I-90,10.56,"{'Description': 'I-5 @ University St in Seattle', 'Direction': 'N', 'Latitude': 47.609294, 'Longitude': -122.331759, 'MilePost': 165.83, 'RoadName': '005'}",Bellevue-Seattle via 90,"{'Description': 'I-405 @ NE 8th St in Bellevue', 'Direction': 'S', 'Latitude': 47.6138, 'Longitude': -122.18892, 'MilePost': 13.33, 'RoadName': '405'}",/Date(1738215900000-0800)/,93,2025-01-29 21:47:52.451024
11,11,Downtown Bellevue to Downtown Seattle via I-90 using HOV lanes,10.57,"{'Description': 'I-5 @ University St in Seattle', 'Direction': 'N', 'Latitude': 47.609294, 'Longitude': -122.331759, 'MilePost': 165.83, 'RoadName': '005'}",Bellevue-Seattle via 90 HOV,"{'Description': 'I-405 @ NE 8th St in Bellevue', 'Direction': 'S', 'Latitude': 47.6138, 'Longitude': -122.18892, 'MilePost': 13.33, 'RoadName': '405'}",/Date(1738215900000-0800)/,94,2025-01-29 21:47:52.451024
11,14,Downtown Seattle to Downtown Bellevue via I-90 using HOV lanes,10.45,"{'Description': 'I-405 @ NE 8th St in Bellevue', 'Direction': 'N', 'Latitude': 47.61361, 'Longitude': -122.18797, 'MilePost': 13.6, 'RoadName': '405'}",Seattle-Bellevue via 90 HOV,"{'Description': 'I-5 @ University St in Seattle', 'Direction': 'S', 'Latitude': 47.609294, 'Longitude': -122.331759, 'MilePost': 165.13, 'RoadName': '005'}",/Date(1738215900000-0800)/,95,2025-01-29 21:47:52.451024
10,14,Downtown Seattle to Downtown Bellevue via I-90,10.45,"{'Description': 'I-405 @ NE 8th St in Bellevue', 'Direction': 'N', 'Latitude': 47.61361, 'Longitude': -122.18797, 'MilePost': 13.6, 'RoadName': '405'}",Seattle-Bellevue via 90,"{'Description': 'I-5 @ University St in Seattle', 'Direction': 'S', 'Latitude': 47.609294, 'Longitude': -122.331759, 'MilePost': 165.13, 'RoadName': '005'}",/Date(1738215900000-0800)/,96,2025-01-29 21:47:52.451024
7,7,Downtown Bellevue to Redmond,6.91,"{'Description': 'SR 520 @ Redmond Way in Redmond', 'Direction': 'E', 'Latitude': 47.668087, 'Longitude': -122.110145, 'MilePost': 12.66, 'RoadName': '520'}",Bellevue-Redmond,"{'Description': 'I-405 @ NE 8th St in Bellevue', 'Direction': 'N', 'Latitude': 47.6138, 'Longitude': -122.18892, 'MilePost': 13.6, 'RoadName': '405'}",/Date(1738215900000-0800)/,99,2025-01-29 21:47:52.451024
7,7,Downtown Bellevue to Redmond using HOV lanes,6.91,"{'Description': 'SR 520 @ Redmond Way in Redmond', 'Direction': 'E', 'Latitude': 47.668087, 'Longitude': -122.110145, 'MilePost': 12.66, 'RoadName': '520'}",Bellevue-Redmond HOV,"{'Description': 'I-405 @ NE 8th St in Bellevue', 'Direction': 'N', 'Latitude': 47.6138, 'Longitude': -122.18892, 'MilePost': 13.6, 'RoadName': '405'}",/Date(1738215900000-0800)/,100,2025-01-29 21:47:52.451024
7,7,Redmond to Downtown Bellevue using HOV lanes,7.49,"{'Description': 'I-405 @ NE 8th St in Bellevue', 'Direction': 'S', 'Latitude': 47.6138, 'Longitude': -122.18892, 'MilePost': 13.33, 'RoadName': '405'}",Redmond-Bellevue HOV,"{'Description': 'SR 520 @ Redmond Way in Redmond', 'Direction': 'W', 'Latitude': 47.668087, 'Longitude': -122.110145, 'MilePost': 12.65, 'RoadName': '520'}",/Date(1738215900000-0800)/,101,2025-01-29 21:47:52.451024
7,7,Redmond to Downtown Bellevue,7.49,"{'Description': 'I-405 @ NE 8th St in Bellevue', 'Direction': 'S', 'Latitude': 47.6138, 'Longitude': -122.18892, 'MilePost': 13.33, 'RoadName': '405'}",Redmond-Bellevue,"{'Description': 'SR 520 @ Redmond Way in Redmond', 'Direction': 'W', 'Latitude': 47.668087, 'Longitude': -122.110145, 'MilePost': 12.65, 'RoadName': '520'}",/Date(1738215900000-0800)/,102,2025-01-29 21:47:52.451024
7,7,Marvin Rd./SR510 in Lacey To 14th Ave. in Olympia,6.62,"{'Description': 'I-5 @ 14th Ave in Olympia', 'Direction': 'S', 'Latitude': 47.032492, 'Longitude': -122.891484, 'MilePost': 105.38, 'RoadName': 'I-5'}","SB I-5, Lacey (SR510) to Olympia","{'Description': 'I-5 @ Marvin Rd I/C in Lacey', 'Direction': 'S', 'Latitude': 47.063148, 'Longitude': -122.762735, 'MilePost': 112.0, 'RoadName': 'I-5'}",/Date(1738215900000-0800)/,116,2025-01-29 21:47:52.451024
6,6,JBLM Main Gate to Lakewood at SR512,6.25,"{'Description': 'I-5 @ SR512 in Lakewood', 'Direction': 'N', 'Latitude': 47.162742, 'Longitude': -122.480759, 'MilePost': 127.35, 'RoadName': 'I-5'}","NB I-5, JBLM Main Gate to Lakewood (SR512)","{'Description': 'I-5 @ JBLM Main Gate NB', 'Direction': 'N', 'Latitude': 47.10409, 'Longitude': -122.588362, 'MilePost': 121.1, 'RoadName': 'I-5'}",/Date(1738215900000-0800)/,120,2025-01-29 21:47:52.451024
6,6,SR512 in Lakewood To JBLM Main Gate,6.25,"{'Description': 'I-5 @ JLBM Main Gate', 'Direction': 'S', 'Latitude': 47.10409, 'Longitude': -122.588362, 'MilePost': 121.1, 'RoadName': 'I-5'}","SB I-5, Lakewood (SR512) to JBLM Main Gate","{'Description': 'I-5 @ SR512 in Lakewood SB', 'Direction': 'S', 'Latitude': 47.162742, 'Longitude': -122.480759, 'MilePost': 127.35, 'RoadName': 'I-5'}",/Date(1738215900000-0800)/,121,2025-01-29 21:47:52.451024
7,7,SR512 in Lakewood To Tacoma Dome in Tacoma,6.62,"{'Description': 'I-5 @ Tacoma Dome in Tacoma', 'Direction': 'N', 'Latitude': 47.234492, 'Longitude': -122.427958, 'MilePost': 133.97, 'RoadName': 'I-5'}","NB I-5,Lakewood at SR512 To Tacoma","{'Description': 'I-5 @ SR512 in Lakewood NB', 'Direction': 'N', 'Latitude': 47.162742, 'Longitude': -122.480759, 'MilePost': 127.35, 'RoadName': 'I-5'}",/Date(1738215900000-0800)/,122,2025-01-29 21:47:52.451024
6,7,Tacoma Dome in Tacoma To SR512 in Lakewood,7.18,"{'Description': 'I-5 @ SR512 in Lakewood', 'Direction': 'S', 'Latitude': 47.162742, 'Longitude': -122.480759, 'MilePost': 127.35, 'RoadName': 'I-5'}","SB I-5,Tacoma To Lakewood at SR512","{'Description': 'I-5 @ M St. in Tacoma SB', 'Direction': 'S', 'Latitude': 47.22995, 'Longitude': -122.44204, 'MilePost': 133.41, 'RoadName': 'I-5'}",/Date(1738215900000-0800)/,123,2025-01-29 21:47:52.451024
5,5,M St. in Tacoma To NB I-5 @ Pierce King County Line,5.44,"{'Description': 'I-5 @ Pierce King County Line', 'Direction': 'N', 'Latitude': 47.255624, 'Longitude': -122.33113, 'MilePost': 139.41, 'RoadName': 'I-5'}","NB I-5,Tacoma To Pierce King County Line","{'Description': 'I-5 @ Tacoma Dome in Tacoma', 'Direction': 'N', 'Latitude': 47.234492, 'Longitude': -122.427958, 'MilePost': 133.97, 'RoadName': 'I-5'}",/Date(1738215900000-0800)/,125,2025-01-29 21:47:52.451024
29,29,14th Ave in Olympia to Tacoma Dome in Tacoma,28.59,"{'Description': 'I-5 @ Tacoma Dome in Tacoma', 'Direction': 'N', 'Latitude': 47.234492, 'Longitude': -122.427958, 'MilePost': 133.97, 'RoadName': 'I-5'}","NB I-5, Olympia To Tacoma","{'Description': 'I-5 @ 14th Ave in Olympia', 'Direction': 'N', 'Latitude': 47.064447, 'Longitude': -122.759508, 'MilePost': 105.38, 'RoadName': 'I-5'}",/Date(1738215900000-0800)/,126,2025-01-29 21:47:52.451024
0,0,Downtown Seattle to Everett using express lanes and HOV lanes,26.94,"{'Description': 'I-5 @ 41st St in Everett', 'Direction': 'N', 'Latitude': 47.92428, 'Longitude': -122.26548, 'MilePost': 192.77, 'RoadName': '005'}",Seattle-Everett EL HOV,"{'Description': 'I-5 @ University St in Seattle', 'Direction': 'N', 'Latitude': 47.609294, 'Longitude': -122.331759, 'MilePost': 165.83, 'RoadName': '005'}",/Date(1738215900000-0800)/,131,2025-01-29 21:47:52.451024
0,0,Downtown Seattle to Everett using express lanes,26.94,"{'Description': 'I-5 @ 41st St in Everett', 'Direction': 'N', 'Latitude': 47.92428, 'Longitude': -122.26548, 'MilePost': 192.77, 'RoadName': '005'}",Seattle-Everett EL,"{'Description': 'I-5 @ University St in Seattle', 'Direction': 'N', 'Latitude': 47.609294, 'Longitude': -122.331759, 'MilePost': 165.83, 'RoadName': '005'}",/Date(1738215900000-0800)/,132,2025-01-29 21:47:52.451024
25,25,Everett to Downtown Seattle,26.72,"{'Description': 'I-5 @ University St in Seattle', 'Direction': 'S', 'Latitude': 47.609294, 'Longitude': -122.331759, 'MilePost': 165.83, 'RoadName': '005'}",Everett-Seattle,"{'Description': 'I-5 @ 41st St in Everett', 'Direction': 'S', 'Latitude': 47.964146, 'Longitude': -122.199237, 'MilePost': 192.55, 'RoadName': '005'}",/Date(1738215900000-0800)/,1,2025-01-29 21:47:52.451024
14,14,Lynnwood to Downtown Seattle using HOV lanes,15.23,"{'Description': 'I-5 @ University St in Seattle', 'Direction': 'S', 'Latitude': 47.609294, 'Longitude': -122.331759, 'MilePost': 165.83, 'RoadName': '005'}",Lynnwood-Seattle HOV,"{'Description': 'I-5 @ 196th St SW in Lynnwood', 'Direction': 'S', 'Latitude': 47.820954, 'Longitude': -122.279633, 'MilePost': 181.06, 'RoadName': '005'}",/Date(1738215900000-0800)/,275,2025-01-29 21:47:52.451024
10,10,Downtown Bellevue to Renton,11.12,"{'Description': 'I-405 @ SR 167 in Renton', 'Direction': 'S', 'Latitude': 47.467434, 'Longitude': -122.219631, 'MilePost': 2.21, 'RoadName': '405'}",Bellevue-Renton,"{'Description': 'I-405 @ NE 8th St in Bellevue', 'Direction': 'S', 'Latitude': 47.6138, 'Longitude': -122.18892, 'MilePost': 13.33, 'RoadName': '405'}",/Date(1738215900000-0800)/,45,2025-01-29 21:47:52.451024
10,10,Downtown Bellevue to Renton using HOV lanes,11.12,"{'Description': 'I-405 @ SR 167 in Renton', 'Direction': 'S', 'Latitude': 47.467434, 'Longitude': -122.219631, 'MilePost': 2.21, 'RoadName': '405'}",Bellevue-Renton HOV,"{'Description': 'I-405 @ NE 8th St in Bellevue', 'Direction': 'S', 'Latitude': 47.6138, 'Longitude': -122.18892, 'MilePost': 13.33, 'RoadName': '405'}",/Date(1738215900000-0800)/,46,2025-01-29 21:47:52.451024
10,11,Renton to Downtown Bellevue using HOV lanes,10.92,"{'Description': 'I-405 @ NE 8th St in Bellevue', 'Direction': 'N', 'Latitude': 47.61361, 'Longitude': -122.18797, 'MilePost': 13.6, 'RoadName': '405'}",Renton-Bellevue HOV,"{'Description': 'I-405 @ SR 167 in Renton', 'Direction': 'N', 'Latitude': 47.458, 'Longitude': -122.217, 'MilePost': 2.68, 'RoadName': '405'}",/Date(1738215900000-0800)/,278,2025-01-29 21:47:52.451024
10,10,Renton to Downtown Bellevue,10.92,"{'Description': 'I-405 @ NE 8th St in Bellevue', 'Direction': 'N', 'Latitude': 47.61361, 'Longitude': -122.18797, 'MilePost': 13.6, 'RoadName': '405'}",Renton-Bellevue,"{'Description': 'I-405 @ SR 167 in Renton', 'Direction': 'N', 'Latitude': 47.458, 'Longitude': -122.217, 'MilePost': 2.68, 'RoadName': '405'}",/Date(1738215900000-0800)/,279,2025-01-29 21:47:52.451024
9,9,Downtown Bellevue to SR 522 in Bothell,9.41,"{'Description': 'I-405 @ SR 522 in Bothell', 'Direction': 'N', 'Latitude': 47.751518, 'Longitude': -122.187178, 'MilePost': 23.01, 'RoadName': '405'}",Bellevue-SR 522,"{'Description': 'I-405 @ NE 8th St in Bellevue', 'Direction': 'N', 'Latitude': 47.6138, 'Longitude': -122.18892, 'MilePost': 13.6, 'RoadName': '405'}",/Date(1738215900000-0800)/,55,2025-01-29 21:47:52.451024
12,12,SR 531 in Arlington to 41st St in Everett,13.32,"{'Description': 'I-5 @ 41st St in Everett', 'Direction': 'S', 'Latitude': 47.92428, 'Longitude': -122.26548, 'MilePost': 192.55, 'RoadName': '005'}",Arlington-Everett,"{'Description': 'I-5 @ EB 172nd St in Arlington', 'Direction': 'S', 'Latitude': 48.152323, 'Longitude': -122.188847, 'MilePost': 205.87, 'RoadName': '005'}",/Date(1738215900000-0800)/,266,2025-01-29 21:47:52.451024
12,12,41st St in Everett to SR 531 in Arlington,13.1,"{'Description': 'I-5 @ EB 172nd St in Arlington', 'Direction': 'N', 'Latitude': 48.152212, 'Longitude': -122.188847, 'MilePost': 205.87, 'RoadName': '005'}",Everett-Arlington,"{'Description': 'I-5 @ 41st St in Everett', 'Direction': 'N', 'Latitude': 47.964146, 'Longitude': -122.199237, 'MilePost': 192.77, 'RoadName': '005'}",/Date(1738215900000-0800)/,267,2025-01-29 21:47:52.451024
7,7,41st St in Everett to 88th St NE in Marysville,7.89,"{'Description': 'I-5 @ 88th St NE-SB in Marysville', 'Direction': 'N', 'Latitude': 48.075728, 'Longitude': -122.184877, 'MilePost': 200.66, 'RoadName': '005'}",Everett-Marysville,"{'Description': 'I-5 @ 41st St in Everett', 'Direction': 'N', 'Latitude': 47.964146, 'Longitude': -122.199237, 'MilePost': 192.77, 'RoadName': '005'}",/Date(1738215900000-0800)/,268,2025-01-29 21:47:52.451024
7,7,88th St NE in Marysville to 41st St in Everett,8.11,"{'Description': 'I-5 @ 41st St in Everett', 'Direction': 'S', 'Latitude': 47.92428, 'Longitude': -122.26548, 'MilePost': 192.55, 'RoadName': '005'}",Marysville-Everett,"{'Description': 'I-5 @ 88th St NE-SB in Marysville', 'Direction': 'S', 'Latitude': 48.075728, 'Longitude': -122.184877, 'MilePost': 200.66, 'RoadName': '005'}",/Date(1738215900000-0800)/,269,2025-01-29 21:47:52.451024
0,0,SR 522 WB at SR 522 @ SR 202 in Woodinville (MP 11) to I-5 SB a,23.87,"{'Description': 'I-5 @ University St in Seattle', 'Direction': 'S', 'Latitude': 47.609294, 'Longitude': -122.331759, 'MilePost': 165.83, 'RoadName': '005'}",Woodinville-Seattle via 522 and 5 EL,"{'Description': 'SR 522 @ SR 202 in Woodinville', 'Direction': 'W', 'Latitude': 47.75818, 'Longitude': -122.16402, 'MilePost': 10.56, 'RoadName': '522'}",/Date(1738215900000-0800)/,287,2025-01-29 21:47:52.451024
23,23,SR 522 WB at SR 522 @ SR 202 in Woodinville (MP 11) to I-5 SB a,15.32,"{'Description': 'I-5 @ University St in Seattle', 'Direction': 'S', 'Latitude': 47.609294, 'Longitude': -122.331759, 'MilePost': 165.83, 'RoadName': '005'}",Woodinville-Seattle via 522,"{'Description': 'SR 522 @ SR 202 in Woodinville', 'Direction': 'W', 'Latitude': 47.75818, 'Longitude': -122.16402, 'MilePost': 10.56, 'RoadName': '522'}",/Date(1738215900000-0800)/,288,2025-01-29 21:47:52.451024
13,13,Tukwila to Downtown Bellevue,13.49,"{'Description': 'I-405 @ NE 8th St in Bellevue', 'Direction': 'N', 'Latitude': 47.61361, 'Longitude': -122.18797, 'MilePost': 13.6, 'RoadName': '405'}",Tukwila-Bellevue,"{'Description': 'I-405 @ I-5 in Tukwila', 'Direction': 'N', 'Latitude': 47.4648, 'Longitude': -122.2657, 'MilePost': 0.11, 'RoadName': '405'}",/Date(1738215900000-0800)/,291,2025-01-29 21:47:52.451024
4,4,Region boundary to Federal Way,4.29,"{'Description': 'I-5 @ So. 320th St in Federal Way', 'Direction': 'N', 'Latitude': 47.315446, 'Longitude': -122.296702, 'MilePost': 143.98, 'RoadName': '005'}",King County Line to Federal Way,"{'Description': 'I-5 @ King County Line MP 139.38', 'Direction': 'N', 'Latitude': 47.334789, 'Longitude': -122.293778, 'MilePost': 139.69, 'RoadName': '005'}",/Date(1738215900000-0800)/,293,2025-01-29 21:47:52.451024
20,23,Downtown Seattle to Woodinville,20.56,"{'Description': 'SR 522 @ SR 202 in Woodinville', 'Direction': 'N', 'Latitude': 47.75818, 'Longitude': -122.16402, 'MilePost': 23.01, 'RoadName': '405'}",Seattle-Woodinville via 90,"{'Description': 'I-5 @ University St in Seattle', 'Direction': 'S', 'Latitude': 47.609294, 'Longitude': -122.331759, 'MilePost': 165.83, 'RoadName': '005'}",/Date(1738215900000-0800)/,294,2025-01-29 21:47:52.451024
17,17,Downtown Seattle to Woodinville,17.2,"{'Description': 'SR 522 @ SR 202 in Woodinville', 'Direction': 'N', 'Latitude': 47.75818, 'Longitude': -122.16402, 'MilePost': 23.01, 'RoadName': '405'}",Seattle-Woodinville via 520,"{'Description': 'I-5 @ University St in Seattle', 'Direction': 'N', 'Latitude': 47.609294, 'Longitude': -122.331759, 'MilePost': 165.83, 'RoadName': '005'}",/Date(1738215900000-0800)/,295,2025-01-29 21:47:52.451024
10,10,Tacoma Dome in Tacoma To NB I-5 @ So. 320th St in Federal Way,10.01,"{'Description': 'I-5 @ So. 320th St in Federal Way', 'Direction': 'N', 'Latitude': 47.315446, 'Longitude': -122.296702, 'MilePost': 143.98, 'RoadName': '005'}","NB I-5,Tacoma To Federal Way","{'Description': 'I-5 @ Tacoma Dome in Tacoma', 'Direction': 'N', 'Latitude': 47.234492, 'Longitude': -122.427958, 'MilePost': 133.97, 'RoadName': 'I-5'}",/Date(1738215900000-0800)/,303,2025-01-29 21:47:52.451024
7,7,Olympia to Marvin Rd SR510 in Lacey,6.62,"{'Description': 'I-5 @ Marvin Rd I/C in Lacey', 'Direction': 'N', 'Latitude': 47.063333, 'Longitude': -122.765327, 'MilePost': 112.0, 'RoadName': 'I-5'}",NB I-5 Olympia to Lacey (SR510),"{'Description': 'I-5 @ 14th Ave in Olympia', 'Direction': 'N', 'Latitude': 47.032492, 'Longitude': -122.891484, 'MilePost': 105.38, 'RoadName': 'I-5'}",/Date(1738215900000-0800)/,310,2025-01-29 21:47:52.451024
9,9,JBLM Main Gate to Marvin Rd SR510 in Lacey,9.1,"{'Description': 'I-5 @ Marvin Rd SR510 in Lacey', 'Direction': 'S', 'Latitude': 47.063333, 'Longitude': -122.765327, 'MilePost': 112.0, 'RoadName': 'I-5'}",SB I-5 JBLM Main Gate to Lacey (SR510) SB,"{'Description': 'I-5 @ JBLM Main Gate', 'Direction': 'S', 'Latitude': 47.10409, 'Longitude': -122.588362, 'MilePost': 121.1, 'RoadName': 'I-5'}",/Date(1738215900000-0800)/,311,2025-01-29 21:47:52.451024
8,9,Marvin Rd/SR510 in Lacey To JBLM Main Gate,9.1,"{'Description': 'I-5 @ JBLM Main Gate', 'Direction': 'N', 'Latitude': 47.10409, 'Longitude': -122.588362, 'MilePost': 121.1, 'RoadName': 'I-5'}",NB I-5 Lacey (SR510) to JBLM Main Gate,"{'Description': 'I-5 @ Marvin Rd IC in Lacey', 'Direction': 'N', 'Latitude': 47.063333, 'Longitude': -122.765327, 'MilePost': 112.0, 'RoadName': 'I-5'}",/Date(1738215900000-0800)/,312,2025-01-29 21:47:52.451024
29,29,Tacoma Dome in Tacoma To 14th Ave in Olympia,29.15,"{'Description': 'I-5 @ 14th Ave in Olympia', 'Direction': 'S', 'Latitude': 47.064447, 'Longitude': -122.759508, 'MilePost': 105.38, 'RoadName': 'I-5'}",SB I-5 Tacoma To Olympia,"{'Description': 'I-5 @ Tacoma Dome in Tacoma', 'Direction': 'S', 'Latitude': 47.234492, 'Longitude': -122.427958, 'MilePost': 133.41, 'RoadName': 'I-5'}",/Date(1738215900000-0800)/,313,2025-01-29 21:47:52.451024
5,4,Pierce King County Line to Tacoma Dome,4.27,"{'Description': 'I-5 @ Tacoma Dome in Tacoma', 'Direction': 'S', 'Latitude': 47.234492, 'Longitude': -122.427958, 'MilePost': 135.14, 'RoadName': 'I-5'}",SB I-5 Pierce King County Line To Tacoma,"{'Description': 'I-5 @ Pierce King County Line', 'Direction': 'S', 'Latitude': 47.255624, 'Longitude': -122.33113, 'MilePost': 139.41, 'RoadName': 'I-5'}",/Date(1738215900000-0800)/,314,2025-01-29 21:47:52.451024
15,15,N/O Marvin Rd SR510 in Lacey To SR 512 in Lakewood,14.74,"{'Description': 'I-5 @ SR 512 in Lakewood', 'Direction': 'N', 'Latitude': 47.163299, 'Longitude': -122.479422, 'MilePost': 127.35, 'RoadName': 'I-5'}",NB I-5 SR510 to SR 512,"{'Description': '', 'Direction': 'N', 'Latitude': 0.0, 'Longitude': 0.0, 'MilePost': 112.61, 'RoadName': 'I-5'}",/Date(1738215900000-0800)/,318,2025-01-29 21:47:52.451024
7,7,Mounts Rd in DuPont To Martin Way E in Lacey,6.99,"{'Description': 'I-5 @ Martin Way E in Lacey', 'Direction': 'S', 'Latitude': 47.047436, 'Longitude': -122.821408, 'MilePost': 109.18, 'RoadName': 'I-5'}",SB I-5 DuPont To Lacey,"{'Description': '', 'Direction': 'S', 'Latitude': 0.0, 'Longitude': 0.0, 'MilePost': 116.17, 'RoadName': 'I-5'}",/Date(1738215900000-0800)/,321,2025-01-29 21:47:52.451024
17,17,112th St in Lakewood To Martin Way in Lacey,17.46,"{'Description': 'I-5 @ Martin Way in Lacey', 'Direction': 'S', 'Latitude': 47.048034, 'Longitude': -122.820155, 'MilePost': 109.18, 'RoadName': 'I-5'}",SB I-5 Lakewood To Lacey,"{'Description': '', 'Direction': 'S', 'Latitude': 0.0, 'Longitude': 0.0, 'MilePost': 126.64, 'RoadName': 'I-5'}",/Date(1738215900000-0800)/,324,2025-01-29 21:47:52.451024
4,4,Region boundary to Federal Way via HOV lanes,4.29,"{'Description': 'I-5 @ S 320th St in Federal Way', 'Direction': 'N', 'Latitude': 47.315446, 'Longitude': -122.296702, 'MilePost': 143.98, 'RoadName': '005'}",King County Line to Federal Way HOV,"{'Description': 'I-5 @ King County Line MP 139.38', 'Direction': 'N', 'Latitude': 47.334789, 'Longitude': -122.293778, 'MilePost': 139.69, 'RoadName': '005'}",/Date(1738215900000-0800)/,326,2025-01-29 21:47:52.451024
33,40,I-5 SB and 199th to I-5 and I-205JCT,32.79,"{'Description': 'I-5 - I-205JCT in Portland', 'Direction': 'S', 'Latitude': 45.35355, 'Longitude': -122.76467, 'MilePost': 287.46, 'RoadName': 'I-5'}",I-5 SB Corridor,"{'Description': 'I-5 SB and 199th in Vancouver', 'Direction': 'S', 'Latitude': 45.7691082, 'Longitude': -122.668256, 'MilePost': 11.75, 'RoadName': 'I-5'}",/Date(1738215900000-0800)/,333,2025-01-29 21:47:52.451024
10,14,159th St. to Delta Park,9.98,"{'Description': 'I-5 Delta Park in Portland', 'Direction': 'S', 'Latitude': 45.60328, 'Longitude': -122.68352, 'MilePost': 307.35, 'RoadName': 'I-5'}",I-5 SB and 159th to Delta Park,"{'Description': 'I-5 SB and 159th St in Vancouver', 'Direction': 'S', 'Latitude': 45.740536, 'Longitude': -122.659721, 'MilePost': 8.83, 'RoadName': 'I-5'}",/Date(1738215900000-0800)/,334,2025-01-29 21:47:52.451024
15,23,159th St. to I-84,15.16,"{'Description': 'I-5 and I-84JCT in Portland', 'Direction': 'S', 'Latitude': 45.54485, 'Longitude': -122.67707, 'MilePost': 302.17, 'RoadName': 'I-5'}",I-5 SB and 159th to I-84JCT,"{'Description': 'I-5 and 159th St in Vancouver', 'Direction': 'S', 'Latitude': 45.740536, 'Longitude': -122.659721, 'MilePost': 8.83, 'RoadName': 'I-5'}",/Date(1738215900000-0800)/,335,2025-01-29 21:47:52.451024
14,24,I-5/SR-500 Jct. to I-205/I-84 Jct. via I-5 and I-84,15.14,"{'Description': 'I-84 to I-205 JCT in Portland', 'Direction': 'E', 'Latitude': 45.53367, 'Longitude': -122.56231, 'MilePost': 5.82, 'RoadName': 'I-84'}",I-5 SB and SR500 to I-84 to I-205 JCT,"{'Description': 'I-5 and SR500 in Vancouver', 'Direction': 'S', 'Latitude': 45.642222, 'Longitude': -122.661944, 'MilePost': 2.09, 'RoadName': 'I-5'}",/Date(1738215900000-0800)/,338,2025-01-29 21:47:52.451024
12,12,I-5/SR-500 Jct. to I-205/I-84 Jct. via SR-14 and I-205,11.98,"{'Description': 'I-205 to I-84 JCT in Portland', 'Direction': 'S', 'Latitude': 45.55579, 'Longitude': -122.56758, 'MilePost': 23.27, 'RoadName': 'I-205'}",I-5 SB and SR500 to SR14 to I-205 to I-84 JCT,"{'Description': 'I-5 SB and SR500 in Vancouver', 'Direction': 'S', 'Latitude': 45.646387, 'Longitude': -122.662332, 'MilePost': 2.09, 'RoadName': 'I-5'}",/Date(1738215900000-0800)/,339,2025-01-29 21:47:52.451024
19,16,192nd Ave to I-5/I-84 Jct. via I-205 and I-84,14.57,"{'Description': 'I-205 and I-84 JCT in Portland', 'Direction': 'W', 'Latitude': 45.55579, 'Longitude': -122.56758, 'MilePost': 0.45, 'RoadName': 'I-84'}",SR14 and 171st Ave to I-205 and I-84 JCT,"{'Description': 'SR14 and 171st Ave in Vancouver', 'Direction': 'W', 'Latitude': 45.587222, 'Longitude': -122.484722, 'MilePost': 9.52, 'RoadName': 'SR 14'}",/Date(1738215900000-0800)/,340,2025-01-29 21:47:52.451024
17,26,192nd Ave to I-5/I-84 Jct. via SR-14 and I-5,16.67,"{'Description': 'I-5 and I-84 JCT in Portland', 'Direction': 'S', 'Latitude': 45.54485, 'Longitude': -122.67707, 'MilePost': 302.17, 'RoadName': 'I-5'}",SR14 and 171st Ave to I-5 and I-84 JCT,"{'Description': 'SR14 and 171st Ave in Vancouver', 'Direction': 'W', 'Latitude': 45.587223, 'Longitude': -122.484723, 'MilePost': 9.52, 'RoadName': 'SR 14'}",/Date(1738215900000-0800)/,341,2025-01-29 21:47:52.451024
38,47,SR-502 to I-5/I-205 Jct. (Oregon) via I-205,39.79,"{'Description': 'I-5 SB Corridor via I-205 SB to Wilsonville', 'Direction': 'S', 'Latitude': 45.624696, 'Longitude': -122.670881, 'MilePost': 1.96, 'RoadName': 'I-205'}",I-5 SB Corridor via I-205 SB,"{'Description': 'I-5 SB Corridor via I-205 SB', 'Direction': 'S', 'Latitude': 45.753766, 'Longitude': -122.663865, 'MilePost': 11.75, 'RoadName': 'I-5'}",/Date(1738215900000-0800)/,342,2025-01-29 21:47:52.451024
13,13,179th St. to Airport Way via I-205,13.45,"{'Description': 'I-205 and Airport Way in Portland', 'Direction': 'S', 'Latitude': 45.57188, 'Longitude': -122.55094, 'MilePost': 24.77, 'RoadName': 'I-205'}",I-5 SB Corridor via I-205 SB to Airportway,"{'Description': 'I-5 and 179th St in Vancouver', 'Direction': 'S', 'Latitude': 45.732778, 'Longitude': -122.656944, 'MilePost': 8.24, 'RoadName': 'I-5'}",/Date(1738215900000-0800)/,343,2025-01-29 21:47:52.451024
5,5,Mill Plain to I-84,5.28,"{'Description': 'I-205 and I-84 JCT in Portland', 'Direction': 'S', 'Latitude': 45.55579, 'Longitude': -122.56758, 'MilePost': 23.27, 'RoadName': 'I-205'}",I-205 SB and Mill Plain to I-205 and I-84 JCT,"{'Description': 'I-205 and Mill Plain in Vancouver', 'Direction': 'S', 'Latitude': 45.61651, 'Longitude': -122.55675, 'MilePost': 28.36, 'RoadName': 'I-205'}",/Date(1738215900000-0800)/,344,2025-01-29 21:47:52.451024
18,25,Mill Plain to Oregon City,18.33,"{'Description': 'Oregon City in Portland', 'Direction': 'S', 'Latitude': 45.37451, 'Longitude': -122.58894, 'MilePost': 10.24, 'RoadName': 'I-205'}",I-205 SB and Mill Plain to I-5 JCT,"{'Description': 'I-205 SB and Mill Plain in Vancouver', 'Direction': 'S', 'Latitude': 45.61651, 'Longitude': -122.55675, 'MilePost': 28.36, 'RoadName': 'I-205'}",/Date(1738215900000-0800)/,345,2025-01-29 21:47:52.451024
8,10,Cascade Park to Vancouver via SR14,8.92,"{'Description': 'SR14 and I-5 JCT in Vancouver', 'Direction': 'S', 'Latitude': 45.623361, 'Longitude': -122.671437, 'MilePost': 0.42, 'RoadName': 'I-5'}",Cascade Park to Vancouver,"{'Description': 'SR14 and Cascade Park in Vancouver', 'Direction': 'W', 'Latitude': 45.5917415, 'Longitude': -122.50423, 'MilePost': 8.52, 'RoadName': 'SR 14'}",/Date(1738215900000-0800)/,347,2025-01-29 21:47:52.451024
13,15,Hazel Dell to Fremont Bridge via I-5,9.28,"{'Description': 'I-5 and I-405 JCT in Portland', 'Direction': 'S', 'Latitude': 45.54731, 'Longitude': -122.67889, 'MilePost': 303.47, 'RoadName': 'I-5'}",Hazel Dell to Fremont Bridge,"{'Description': 'I-5 and 78th St in Vancouver', 'Direction': 'S', 'Latitude': 45.676544, 'Longitude': -122.664559, 'MilePost': 4.25, 'RoadName': 'I-5'}",/Date(1738215900000-0800)/,348,2025-01-29 21:47:52.451024
18,20,Hazel Dell to I-405-US26 via I-5,13.33,"{'Description': 'US26 in Portland', 'Direction': 'S', 'Latitude': 45.51688, 'Longitude': -122.688, 'MilePost': 1.77, 'RoadName': 'I-405'}",Hazel Dell to I-405-US26,"{'Description': 'I-5 SB and 78th St in Vancouver', 'Direction': 'S', 'Latitude': 45.676544, 'Longitude': -122.664559, 'MilePost': 4.25, 'RoadName': 'I-5'}",/Date(1738215900000-0800)/,349,2025-01-29 21:47:52.451024
19,26,Mill Plain to Oregon City via I-205,19.28,"{'Description': 'Oregon City in Portland', 'Direction': 'S', 'Latitude': 45.36662, 'Longitude': -122.60033, 'MilePost': 9.29, 'RoadName': 'I-205'}",Mill Plain to Oregon City,"{'Description': 'I-205 SB and Mill Plain in Vancouver', 'Direction': 'S', 'Latitude': 45.621409, 'Longitude': -122.559835, 'MilePost': 28.36, 'RoadName': 'I-205'}",/Date(1738215900000-0800)/,350,2025-01-29 21:47:52.451024
7,7,Mill Plain Vancouver to I-84 via I-205,6.87,"{'Description': 'I-205 and I-84 JCT in Portland', 'Direction': 'S', 'Latitude': 45.53488, 'Longitude': -122.56457, 'MilePost': 21.68, 'RoadName': 'I-205'}",Mill Plain Vancouver to I-84,"{'Description': 'I-205 and Mill Plain in Vancouver', 'Direction': 'S', 'Latitude': 45.621409, 'Longitude': -122.559835, 'MilePost': 28.36, 'RoadName': 'I-205'}",/Date(1738215900000-0800)/,351,2025-01-29 21:47:52.451024
7,8,Vancouver to Cascade Park via SR14,7.55,"{'Description': 'SR14 and Cascade Park in Vancouver', 'Direction': 'E', 'Latitude': 45.59597, 'Longitude': -122.519657, 'MilePost': 7.72, 'RoadName': 'SR 14'}",Vancouver to Cascade Park,"{'Description': 'SR14 and I-5 JCT in Vancouver', 'Direction': 'E', 'Latitude': 45.61944, 'Longitude': -122.661586, 'MilePost': 0.17, 'RoadName': 'SR 14'}",/Date(1738215900000-0800)/,354,2025-01-29 21:47:52.451024
35,42,Salmon Creek WA to Tualatin OR via I-205,34.9,"{'Description': 'I-5 SB at Tualatin', 'Direction': 'S', 'Latitude': 45.37297, 'Longitude': -122.72952, 'MilePost': 1.96, 'RoadName': 'I-205'}",Salmon Creek WA to Tualatin OR I-205,"{'Description': '134th and 205 via I-205 SB', 'Direction': 'S', 'Latitude': 45.707495, 'Longitude': -122.631733, 'MilePost': 36.67, 'RoadName': 'I-205'}",/Date(1738215900000-0800)/,358,2025-01-29 21:47:52.451024
32,35,Salmon Creek WA to Tualatin OR via I-5,28.34,"{'Description': 'I-5 - I-205JCT in Portland', 'Direction': 'S', 'Latitude': 45.35355, 'Longitude': -122.76467, 'MilePost': 287.46, 'RoadName': 'I-5'}",Salmon Creek WA to Tualatin OR I-5,"{'Description': 'I-5 SB and 134 St in Vancouver', 'Direction': 'S', 'Latitude': 45.716985, 'Longitude': -122.654515, 'MilePost': 7.3, 'RoadName': 'I-5'}",/Date(1738215900000-0800)/,359,2025-01-29 21:47:52.451024
14,15,Clark County Fairgrounds to Delta Park via I-5,10.92,"{'Description': 'I-5 Delta Park in Portland', 'Direction': 'S', 'Latitude': 45.60328, 'Longitude': -122.68352, 'MilePost': 307.35, 'RoadName': 'I-5'}",Clark County Fairgrounds to Delta Park,"{'Description': 'I-5 SB and 179th St in Vancouver', 'Direction': 'S', 'Latitude': 45.754301, 'Longitude': -122.663841, 'MilePost': 9.77, 'RoadName': 'I-5'}",/Date(1738215900000-0800)/,362,2025-01-29 21:47:52.451024
13,15,Clark County Fairgrounds to Portland International Airport Exit via I-205,14.98,"{'Description': 'I-205 and Airport Way in Portland', 'Direction': 'S', 'Latitude': 45.57188, 'Longitude': -122.55094, 'MilePost': 24.77, 'RoadName': 'I-205'}",Clark County Fairgrounds to Portland International Airport Exit,"{'Description': 'I-5 and 179th St in Vancouver', 'Direction': 'S', 'Latitude': 45.754301, 'Longitude': -122.663841, 'MilePost': 9.77, 'RoadName': 'I-5'}",/Date(1738215900000-0800)/,363,2025-01-29 21:47:52.451024
19,22,Clark County Fairgrounds to Rose Quarter via I-5,15.76,"{'Description': 'I-5 and Rose Quarter in Portland', 'Direction': 'S', 'Latitude': 45.53625, 'Longitude': -122.66727, 'MilePost': 302.51, 'RoadName': 'I-5'}",Clark County Fairgrounds to Rose Quarter,"{'Description': 'I-5 and 179th St in Vancouver', 'Direction': 'S', 'Latitude': 45.754301, 'Longitude': -122.663841, 'MilePost': 9.77, 'RoadName': 'I-5'}",/Date(1738215900000-0800)/,364,2025-01-29 21:47:52.451024
14,15,Delta Park to Clark County Fairgrounds via I-5,10.49,"{'Description': 'I-5 and 179th St in Vancouver', 'Direction': 'N', 'Latitude': 45.754301, 'Longitude': -122.663841, 'MilePost': 9.76, 'RoadName': 'I-5'}",Delta Park to Clark County Fairgrounds,"{'Description': 'Delta Park in Portland', 'Direction': 'N', 'Latitude': 45.61146, 'Longitude': -122.679, 'MilePost': 307.9, 'RoadName': 'I-5'}",/Date(1738215900000-0800)/,365,2025-01-29 21:47:52.451024
13,15,Fremont Bridge to Hazel Dell via I-5,9.41,"{'Description': 'I-5 and 78th St Hazel Dell in Vancouver', 'Direction': 'N', 'Latitude': 45.676544, 'Longitude': -122.664559, 'MilePost': 4.25, 'RoadName': 'I-5'}",Fremont Bridge to Hazel Dell,"{'Description': 'Fremont Bridge in Portland', 'Direction': 'N', 'Latitude': 45.54731, 'Longitude': -122.6789, 'MilePost': 303.47, 'RoadName': 'I-5'}",/Date(1738215900000-0800)/,366,2025-01-29 21:47:52.451024
17,18,I-405-US 26 to Hazel Dell via I-405 to I-5,12.84,"{'Description': 'I-5 and 78th St Hazel Dell in Vancouver', 'Direction': 'N', 'Latitude': 45.676544, 'Longitude': -122.664559, 'MilePost': 4.25, 'RoadName': 'I-5'}",I-405-US 26 to Hazel Dell,"{'Description': 'I-405/US26 in Portland', 'Direction': 'N', 'Latitude': 45.51688, 'Longitude': -122.688, 'MilePost': 1.77, 'RoadName': 'I-405'}",/Date(1738215900000-0800)/,367,2025-01-29 21:47:52.451024
9,15,63rd St to I-5/I-405 Jct.,8.81,"{'Description': 'I-5 and I-405 JCT in Portland', 'Direction': 'S', 'Latitude': 45.55632, 'Longitude': -122.67901, 'MilePost': 303.47, 'RoadName': 'I-5'}",I-5 SB and 63rd to I-405 JCT North,"{'Description': 'I-5 and 63rd in Vancouver', 'Direction': 'S', 'Latitude': 45.668141, 'Longitude': -122.666701, 'MilePost': 3.78, 'RoadName': 'I-5'}",/Date(1738215900000-0800)/,375,2025-01-29 21:47:52.451024
12,19,63rd to US-26 West,12.86,"{'Description': 'US26 in Portland', 'Direction': 'S', 'Latitude': 45.51348, 'Longitude': -122.66793, 'MilePost': 1.77, 'RoadName': 'I-405'}",I-5 SB and 63rd to US26,"{'Description': 'I-5 SB and 63rd in Vancouver', 'Direction': 'S', 'Latitude': 45.668141, 'Longitude': -122.666701, 'MilePost': 3.78, 'RoadName': 'I-5'}",/Date(1738215900000-0800)/,376,2025-01-29 21:47:52.451024
10,10,I-5 and Fourth Plain to SR 502,10.26,"{'Description': 'I-5 and SR 502', 'Direction': 'N', 'Latitude': 45.78126569, 'Longitude': -122.672017, 'MilePost': 11.67, 'RoadName': 'I-5'}",I-5 and Fourth Plain to SR 502,"{'Description': 'I-5 and Fourth Plain', 'Direction': 'N', 'Latitude': 45.63633996, 'Longitude': -122.662113, 'MilePost': 1.41, 'RoadName': 'I-5'}",/Date(1738215900000-0800)/,377,2025-01-29 21:47:52.451024
22,23,I-205 SB and 18th St to SR14 to I-5 to I-84 JCT,15.68,"{'Description': 'I-5 and I-84 JCT in Portland', 'Direction': 'S', 'Latitude': 45.54485, 'Longitude': -122.67707, 'MilePost': 302.17, 'RoadName': 'I-5'}",I-205 SB and 18th St to SR14 to I-5 to I-84 JCT,"{'Description': 'I-205 SB and 18th St to SR14 to I-5 in Vancouver', 'Direction': 'S', 'Latitude': 45.628406, 'Longitude': -122.559927, 'MilePost': 29.84, 'RoadName': 'I-205'}",/Date(1738215900000-0800)/,378,2025-01-29 21:47:52.451024
16,15,I-205 SB and 18th St to I-84 to I-5 JCT,14.63,"{'Description': 'I-84 to I-5 JCT', 'Direction': 'W', 'Latitude': 45.52976, 'Longitude': -122.64923, 'MilePost': 0.45, 'RoadName': 'I-84'}",I-205 SB and 18th St to I-84 to I-5 JCT,"{'Description': 'I-205 SB and 18th St in Vancouver', 'Direction': 'S', 'Latitude': 45.640957, 'Longitude': -122.563394, 'MilePost': 29.84, 'RoadName': 'I-205'}",/Date(1738215900000-0800)/,379,2025-01-29 21:47:52.451024
8,8,Federal Way (320th) to Tacoma Dome,8.77,"{'Description': 'I-5 @ Tacoma Dome MP 134', 'Direction': 'S', 'Latitude': 47.234857, 'Longitude': -122.426813, 'MilePost': 134.87, 'RoadName': '005'}",Federal Way-Tacoma,"{'Description': 'I-5 @ Federal Way VMS MP 145.22', 'Direction': 'S', 'Latitude': 47.315446, 'Longitude': -122.296702, 'MilePost': 143.64, 'RoadName': '005'}",/Date(1738215900000-0800)/,382,2025-01-29 21:47:52.451024
20,22,SR14 and Cascade Pk to I-5 and I-84 JCT,15.05,"{'Description': 'I-5 and I-84 JCT in Portland', 'Direction': 'S', 'Latitude': 45.53295, 'Longitude': -122.66641, 'MilePost': 302.17, 'RoadName': 'I-5'}",019 SR14 and Cascade Pk to I-5 and I-84 JCT,"{'Description': 'SR14 and Cascade Park in Vancouver', 'Direction': 'W', 'Latitude': 45.596111, 'Longitude': -122.519722, 'MilePost': 7.9, 'RoadName': 'SR 14'}",/Date(1738215900000-0800)/,384,2025-01-29 21:47:52.451024
16,15,SR14 and Cascade Pk to I-205 to I-5 and I-84 JCT,12.95,"{'Description': 'I-5 and I-84 JCT in Portland', 'Direction': 'W', 'Latitude': 45.5256, 'Longitude': -122.66046, 'MilePost': 0.45, 'RoadName': 'I-84'}",020 SR14 and Cascade Pk to I-205 to I-5 and I-84 JCT,"{'Description': 'SR14 and Cascade Park in Vancouver', 'Direction': 'W', 'Latitude': 45.596111, 'Longitude': -122.519722, 'MilePost': 7.9, 'RoadName': 'SR 14'}",/Date(1738215900000-0800)/,385,2025-01-29 21:47:52.451024
11,11,EB SR 16 Olympic Dr WB To EB SR 16 Sprague EB On Ramp,10.58,"{'Description': 'SR 16 @ Sprague EB On Ramp in Tacoma', 'Direction': 'E', 'Latitude': 47.23519072, 'Longitude': -122.467893, 'MilePost': 0.49, 'RoadName': 'SR 16'}","EB SR 16, Olympic Dr To I-5 Jct","{'Description': 'SR 16 @ Olympic Dr WB in Gig Harbor', 'Direction': 'E', 'Latitude': 47.30933, 'Longitude': -122.57979, 'MilePost': 11.07, 'RoadName': 'SR 16'}",/Date(1738215900000-0800)/,386,2025-01-29 21:47:52.451024
3,3,EB SR 16 Olympic Dr WB To TNB-West,2.66,"{'Description': 'SR 16 @ TNB-West in Gig Harbor', 'Direction': 'E', 'Latitude': 47.27566, 'Longitude': -122.56045, 'MilePost': 8.41, 'RoadName': 'SR 16'}","EB SR 16, Olympic Dr To TNB-West","{'Description': 'SR 16 @ Olympic Dr WB in Gig Harbor', 'Direction': 'E', 'Latitude': 47.30933, 'Longitude': -122.57979, 'MilePost': 11.07, 'RoadName': 'SR 16'}",/Date(1738215900000-0800)/,387,2025-01-29 21:47:52.451024
5,4,WB SR 16 Union Ave WB To TNB,4.05,"{'Description': 'SR 16 @ Wollochet Dr in Gig Harbor', 'Direction': 'W', 'Latitude': 47.19176, 'Longitude': -122.35304, 'MilePost': 4.9, 'RoadName': 'SR 16'}","WB SR 16, Union Ave To Gig Harbor","{'Description': 'SR 16 @ Union Ave WB in Tacoma', 'Direction': 'W', 'Latitude': 47.140705, 'Longitude': -122.290381, 'MilePost': 0.85, 'RoadName': 'SR 16'}",/Date(1738215900000-0800)/,404,2025-01-29 21:47:52.451024
23,20,Camas to Rose Quarter via I-205 and I-84,18.83,"{'Description': 'I-5 and I-84 JCT in Portland', 'Direction': 'W', 'Latitude': 45.5256, 'Longitude': -122.66046, 'MilePost': 0.45, 'RoadName': 'I-84'}",Camas to Rose Quarter via I-205 and I-84,"{'Description': 'SR14 and Union St in Camas', 'Direction': 'W', 'Latitude': 45.5803, 'Longitude': -122.385324, 'MilePost': 14.65, 'RoadName': 'SR 14'}",/Date(1738215900000-0800)/,413,2025-01-29 21:47:52.451024
27,29,Camas to Rose Quarter via I-5,21.8,"{'Description': 'Rose Quarter Exit I-5 in Portland', 'Direction': 'S', 'Latitude': 45.53295, 'Longitude': -122.66641, 'MilePost': 302.17, 'RoadName': 'I-5'}",Camas to Rose Quarter via I-5,"{'Description': 'SR14 and Union St in Camas', 'Direction': 'W', 'Latitude': 45.5803, 'Longitude': -122.385324, 'MilePost': 14.65, 'RoadName': 'SR 14'}",/Date(1738215900000-0800)/,414,2025-01-29 21:47:52.451024
7,7,I-84 to Mill Plain via I-205,7.17,"{'Description': 'Mill Plain in Vancouver', 'Direction': 'N', 'Latitude': 45.621409, 'Longitude': -122.559835, 'MilePost': 28.36, 'RoadName': 'I-205'}",I-84 to Mill Plain via I-205,"{'Description': 'I-84 in Portland', 'Direction': 'N', 'Latitude': 45.53488, 'Longitude': -122.565, 'MilePost': 21.68, 'RoadName': 'I-205'}",/Date(1738215900000-0800)/,415,2025-01-29 21:47:52.451024
20,20,Oregon City to Mill Plain via I-205,19.82,"{'Description': 'I-205 and Mill Plain in Vancouver', 'Direction': 'N', 'Latitude': 45.621409, 'Longitude': -122.559835, 'MilePost': 28.36, 'RoadName': 'I-205'}",Oregon City to Mill Plain via I-205,"{'Description': 'Oregon City in Portland', 'Direction': 'N', 'Latitude': 45.362, 'Longitude': -122.609, 'MilePost': 9.03, 'RoadName': 'I-205'}",/Date(1738215900000-0800)/,416,2025-01-29 21:47:52.451024
15,16,Portland International Airport Exit to Clark County Fairgrounds via I-205,15.01,"{'Description': 'Clark County Fairgrounds', 'Direction': 'N', 'Latitude': 45.754301, 'Longitude': -122.663841, 'MilePost': 9.76, 'RoadName': 'I-5'}",Portland International Airport Exit to Clark County Fairgrounds via I-205,"{'Description': 'Portland International Airport Exit', 'Direction': 'N', 'Latitude': 45.5721, 'Longitude': -122.548, 'MilePost': 24.92, 'RoadName': 'I-205'}",/Date(1738215900000-0800)/,417,2025-01-29 21:47:52.451024
26,26,Rose Quarter to Camas via I-5,21.12,"{'Description': 'Camas', 'Direction': 'E', 'Latitude': 45.5803, 'Longitude': -122.385324, 'MilePost': 14.65, 'RoadName': 'SR 14'}",Rose Quarter to Camas via I-5,"{'Description': 'Rose Quarter in Portland', 'Direction': 'N', 'Latitude': 45.53625, 'Longitude': -122.667, 'MilePost': 302.5, 'RoadName': 'I-5'}",/Date(1738215900000-0800)/,418,2025-01-29 21:47:52.451024
22,22,Rose Quarter to Camas via I-84,20.97,"{'Description': 'Camas', 'Direction': 'E', 'Latitude': 45.5803, 'Longitude': -122.385324, 'MilePost': 14.65, 'RoadName': 'SR 14'}",Rose Quarter to Camas via I-84,"{'Description': 'Rose Quarter in Portland', 'Direction': 'E', 'Latitude': 45.52048, 'Longitude': -122.665, 'MilePost': 0.1, 'RoadName': 'I-84'}",/Date(1738215900000-0800)/,419,2025-01-29 21:47:52.451024
20,21,Rose Quarter to Clark County Fairgrounds via I-5,15.89,"{'Description': 'I-5 and 179th St in Vancouver', 'Direction': 'N', 'Latitude': 45.754301, 'Longitude': -122.663841, 'MilePost': 9.76, 'RoadName': 'I-5'}",Rose Quarter to Clark County Fairgrounds via I-5,"{'Description': 'Rose Quarter in Portland', 'Direction': 'N', 'Latitude': 45.53625, 'Longitude': -122.667, 'MilePost': 302.5, 'RoadName': 'I-5'}",/Date(1738215900000-0800)/,420,2025-01-29 21:47:52.451024
35,35,Tualatin OR to Salmon Creek WA via I-205,35.2,"{'Description': 'Salmon Creek WA', 'Direction': 'N', 'Latitude': 45.707495, 'Longitude': -122.631733, 'MilePost': 36.67, 'RoadName': 'I-205'}",Tualatin OR to Salmon Creek WA - via I-205,"{'Description': 'Tualatin OR', 'Direction': 'N', 'Latitude': 45.37297, 'Longitude': -122.73, 'MilePost': 1.96, 'RoadName': 'I-205'}",/Date(1738215900000-0800)/,421,2025-01-29 21:47:52.451024
33,33,Tualatin OR to Salmon Creek WA via I-5,28.47,"{'Description': 'I-5 and 134th St in Vancouver', 'Direction': 'N', 'Latitude': 45.716985, 'Longitude': -122.654515, 'MilePost': 7.3, 'RoadName': 'I-5'}",Tualatin OR to Salmon Creek WA via I-5,"{'Description': 'Tualatin OR in Portland', 'Direction': 'N', 'Latitude': 45.35355, 'Longitude': -122.765, 'MilePost': 287.46, 'RoadName': 'I-5'}",/Date(1738215900000-0800)/,422,2025-01-29 21:47:52.451024
7,6,New York Ave in Lakewood To Center Drive in DuPont,6.41,"{'Description': 'I-5 @ Center Dr-SB in DuPont', 'Direction': 'S', 'Latitude': 47.08768218, 'Longitude': -122.645577, 'MilePost': 118.83, 'RoadName': 'I-5'}",SB I-5 Lakewood To DuPont,"{'Description': '', 'Direction': 'S', 'Latitude': 0.0, 'Longitude': 0.0, 'MilePost': 125.24, 'RoadName': 'I-5'}",/Date(1738215900000-0800)/,527,2025-01-29 21:47:52.451024
8,5,SR500 WB and 112th Ave to SR500 and I-5 JCT,4.8,"{'Description': 'SR500 and I-5 JCT in Vancouver', 'Direction': 'W', 'Latitude': 45.650552, 'Longitude': -122.649979, 'MilePost': 0.66, 'RoadName': 'SR 500'}",021 SR500 WB and 112th Ave to SR500 and I-5 JCT,"{'Description': 'SR500 WB and 112th Ave in Vancouver', 'Direction': 'W', 'Latitude': 45.66206, 'Longitude': -122.558442, 'MilePost': 5.46, 'RoadName': 'SR 500'}",/Date(1738215900000-0800)/,528,2025-01-29 21:47:52.451024
19,20,SR500 WB and 112th Ave to I-5 to I-5 at I-84 JCT,14.16,"{'Description': 'I-5 at I-84 JCT in Portland', 'Direction': 'S', 'Latitude': 45.54485, 'Longitude': -122.67707, 'MilePost': 302.17, 'RoadName': 'I-5'}",021 SR500 WB and 112th Ave to I-5 to I-5 at I-84 JCT,"{'Description': 'SR500 WB and 112th Ave in Vancouver', 'Direction': 'W', 'Latitude': 45.66206, 'Longitude': -122.558442, 'MilePost': 5.46, 'RoadName': 'SR 500'}",/Date(1738215900000-0800)/,529,2025-01-29 21:47:52.451024
20,19,SR500 WB and 112th Ave to I-205 to I-84 to I-5 at I-84 JCT,17.42,"{'Description': 'I-84 to I-5 JCT in Portland', 'Direction': 'W', 'Latitude': 45.52976, 'Longitude': -122.64923, 'MilePost': 0.45, 'RoadName': 'I-84'}",022 SR500 WB and 112th Ave to I-205 to I-84 to I-5 at I-84 JCT,"{'Description': 'SR500 WB and 112th Ave in Vancouver', 'Direction': 'W', 'Latitude': 45.66206, 'Longitude': -122.558442, 'MilePost': 5.46, 'RoadName': 'SR 500'}",/Date(1738215900000-0800)/,530,2025-01-29 21:47:52.451024
16,17,SB I-5 54th Ave To JBLM Main Gate,17.1,"{'Description': 'I-5 @ JBLM Main Gate', 'Direction': 'S', 'Latitude': 47.10493656, 'Longitude': -122.585386, 'MilePost': 121.1, 'RoadName': 'I-5'}","SB I-5, Fife To JBLM Main Gate","{'Description': 'I-5 @ 54th Ave', 'Direction': 'S', 'Latitude': 47.240632, 'Longitude': -122.373457, 'MilePost': 137.08, 'RoadName': 'I-5'}",/Date(1738215900000-0800)/,531,2025-01-29 21:47:52.451024
10,11,SB I-5 54th Ave To SR 16,10.85,"{'Description': 'I-5 @ SR 512 in Lakewood', 'Direction': 'S', 'Latitude': 47.16158351, 'Longitude': -122.481133, 'MilePost': 127.35, 'RoadName': 'I-5'}","SB I-5, Fife To SR 16","{'Description': 'I-5 @ 54th Ave', 'Direction': 'S', 'Latitude': 47.255624, 'Longitude': -122.33113, 'MilePost': 137.08, 'RoadName': 'I-5'}",/Date(1738215900000-0800)/,532,2025-01-29 21:47:52.451024
