alertid,county,end_time,end_direction,end_lat,end_long,end_loc_key,end_mp,end_road_key,start_time,start_direction,start_lat,start_long,start_loc_key,start_mp,start_road_key,event_cat,event_stat,event_desc,priority,region,updated,last_refresh
468632,NULL,NULL,B,47.639038700000,-122.220590099000,866aa02dbabfc4d2218aad4fda770bc6,5.00,SR-520,"2021-09-13 13:59:00.000000",B,47.644373883000,-122.303082155000,1f5ea8ae4d67405d5af9c0d7f0376af6,1.00,SR-520,"Flammable Cargo Restriction",Open,"Flammable cargo is prohibited on SR 520 eastbound & westbound from Montlake Blvd (MP 1) to 84th Ave NE (MP 5).",High,Northwest,"2025-02-05 21:22:14","2025-02-11 20:44:21"
473325,NULL,NULL,B,0.000000000000,0.000000000000,b4b147bc522828731f1a016bfa72c073,0.00,I-5,"2021-09-24 13:00:00.000000",B,47.907026048000,-122.210954765000,b6c364123bb115608a456baf8ca2ebdd,188.50,I-5,"Rest Area",Open,"Until further notice - The Interstate 5 Silver Lake Rest Area is closed for maintenance indefinitely. There is no access for recreational vehicle dumping at this location.",High,Northwest,"2025-02-05 21:22:14","2025-02-11 20:44:21"
510675,NULL,NULL,B,0.000000000000,0.000000000000,b4b147bc522828731f1a016bfa72c073,0.00,NULL,"2022-07-28 19:57:00.000000",B,48.332616487000,-122.630381476000,8da23a295ad203c406501db7fbf3d212,35.00,NULL,Closure,Open,"Until further notice - The Ault Field/Hoffman Road Park and Ride on SR 20 is closed for maintenance.",High,Northwest,"2025-02-05 21:22:14","2025-02-11 20:44:21"
549502,NULL,NULL,B,0.000000000000,0.000000000000,b4b147bc522828731f1a016bfa72c073,0.00,NULL,"2023-06-15 22:55:00.000000",B,46.287135788000,-122.270285595000,00faf65fd3aba871405381d4312e657e,45.20,NULL,Closure,Open,"Beginning June 15, 2023, until further notice: Both directions of SR 504 at milepost 45.0 are CLOSED at the winter gate, due to a landslide that washed out the road and the Spirit Lake Outlet Bridge, on Sunday, May 14, 2023. There is no estimated time for when the road will reopen and no access beyond the closure.  

To receive updates on this closure, please sign up for email updates: https://public.govdelivery.com/accounts/WADOT/subscriber/new",Highest,Southwest,"2025-02-05 21:22:14","2025-02-11 20:44:21"
553621,NULL,NULL,N,47.677020945000,-117.363754372000,58b167b8adff7038190e5447147259b0,240.00,NULL,"2023-06-05 14:00:00.000000",N,47.677020945000,-117.363754372000,58b167b8adff7038190e5447147259b0,240.00,NULL,Construction,Open,"Construction has closed E. South Riverton Avenue between Fiske and Ermina Avenue near Spokane Community College. The closure is part of work happening for the North Spokane Corridor River Crossing project.",Medium,Eastern,"2025-02-05 21:22:14","2025-02-11 20:44:21"
553707,NULL,"2025-12-31 18:19:00",B,47.038164138000,-123.331272252000,14540edbaa4a45879b7243a76e770b95,3.62,NULL,"2023-06-16 17:19:00.000000",B,47.028588905000,-123.341267385000,27d1beac432cf2c2500bf57856125674,2.80,NULL,Construction,Open,"SR 8 is reduced to one lane in each direction on the eastbound side of the highway between Elma and McCleary. The speed limit is reduced to 50 mph for a <a href="https://wsdot.wa.gov/construction-planning/search-projects/us-12-sr-8-grays-harbor-county-fish-passage-barriers-remove-fish-barriers">fish barrier removal project</a>.",Medium,Olympic,"2025-02-05 21:22:14","2025-02-11 20:44:21"
559925,NULL,"2026-01-01 02:26:00",B,46.995566416000,-123.439536594000,656e5f0367072704d64ca4feb1363c0e,18.40,US-12,"2023-07-29 01:26:00.000000",B,46.998948573000,-123.472071089000,7a116ba129720fc326d88caa08cd8ff6,16.83,US-12,Construction,Open,"US 12 is reduced to one lane in each direction on the eastbound side of the highway. Work is for a <a href="https://wsdot.wa.gov/construction-planning/search-projects/us-12-sr-8-grays-harbor-county-fish-passage-barriers-remove-fish-barriers">fish barrier removal project</a> west of Schouweiler Road near Elma. The speed limit is reduced to 50 mph through the work zone.",Medium,Olympic,"2025-02-05 21:22:14","2025-02-11 20:44:21"
561051,NULL,"2025-12-31 16:00:00",B,46.986509592000,-123.543131798000,47c21c394119687ed93372ba4d68343e,13.30,US-12,"2023-08-08 22:00:00.000000",B,46.982067911000,-123.570871717000,9fb245c842d3c1c8653f4e492dcadfad,11.95,US-12,Construction,Open,"US 12 is reduced to one lane in each direction at Monte-Brady Road in Montesano. The speed limit is reduced to 50 mph for a <a href="https://wsdot.wa.gov/construction-planning/search-projects/us-12-sr-8-grays-harbor-county-fish-passage-barriers-remove-fish-barriers">fish barrier removal project</a>.",Medium,Olympic,"2025-02-05 21:22:14","2025-02-11 20:44:21"
563851,NULL,"2025-08-25 20:31:00",B,0.000000000000,0.000000000000,b4b147bc522828731f1a016bfa72c073,0.00,US-12,"2023-08-25 20:31:00.000000",B,46.983085427000,-123.559182437000,449b04104859c66445272e9a662a75ba,12.51,US-12,Construction,Open,"Temporary turn restrictions remain in place at the intersection of US 12 and Monte-Brady Road in Montesano through fall 2025.",Medium,Olympic,"2025-02-05 21:22:14","2025-02-11 20:44:21"
564092,NULL,"2025-12-31 18:33:00",B,47.051983685000,-123.213078456000,15d48d35c9e651b8ca8d67978fee2e83,9.88,NULL,"2023-08-28 17:33:00.000000",B,47.049602263000,-123.236127078000,c229651b08120b20e9ea86183c95636f,8.75,NULL,Construction,Open,"SR 8 is reduced to one lane in each direction near Mox Chehalis Road east of McCleary. The speed limit is reduced to 50 mph for a <a href="https://wsdot.wa.gov/construction-planning/search-projects/us-12-sr-8-grays-harbor-county-fish-passage-barriers-remove-fish-barriers">fish barrier removal project</a>.",Medium,Olympic,"2025-02-05 21:22:14","2025-02-11 20:44:21"
565164,NULL,"2025-12-31 19:21:00",B,47.000404800000,-123.405193108000,1296ff14507eccfe37bcec5cd6dac02c,20.09,US-12,"2023-09-08 18:21:00.000000",B,46.995549394000,-123.439327137000,ad335fe82826fba17341a81862095073,18.41,US-12,Construction,Open,"US 12 is reduced to one lane in each direction between South 3rd Street and Schouweiler Road near Elma with both lanes on the eastbound side of the highway. The speed limit is reduced to 50 mph for a <a href="https://wsdot.wa.gov/construction-planning/search-projects/us-12-sr-8-grays-harbor-county-fish-passage-barriers-remove-fish-barriers">fish barrier removal project</a>.",Medium,Olympic,"2025-02-05 21:22:14","2025-02-11 20:44:21"
566603,NULL,"2025-09-22 18:59:00",B,0.000000000000,0.000000000000,b4b147bc522828731f1a016bfa72c073,0.00,NULL,"2023-09-22 18:59:00.000000",B,47.050433216000,-123.231149151000,20ae0399491fd567c6576dd9d9e4c0d6,9.00,NULL,Construction,Open,"Temporary left turn restrictions are in effect for travelers in both directions of SR 8 east of McCleary at Mox Chehalis Road East.",Medium,Olympic,"2025-02-05 21:22:14","2025-02-11 20:44:21"
567868,NULL,NULL,E,0.000000000000,0.000000000000,b4b147bc522828731f1a016bfa72c073,0.00,SR-520,"2023-09-25 23:00:00.000000",E,47.644268948000,-122.304331216000,0c1e41ef8ccb5b38d40a44931d3fbb66,0.94,SR-520,Construction,Open,"Monday, Sept. 25 until further notice – The Montlake Boulevard on-ramp to eastbound SR 520 will close for construction between 10 p.m. and 6 a.m. nightly Mondays through Thursdays.",Medium,Northwest,"2025-02-05 21:22:14","2025-02-11 20:44:21"
567869,NULL,NULL,B,47.644373883000,-122.303082155000,1f5ea8ae4d67405d5af9c0d7f0376af6,1.00,SR-520,"2023-09-25 23:00:00.000000",B,47.643082690000,-122.313213219000,33eec7d5610a3d4a942d3d7d537c9299,0.50,SR-520,Construction,Open,"Monday, Sept. 25, until further notice – A single lane in both directions of SR 520 near the Montlake Lid in Seattle will close for construction between 9 p.m. and 5 a.m. nightly Mondays through Thursdays.",Medium,Northwest,"2025-02-05 21:22:14","2025-02-11 20:44:21"
569747,NULL,NULL,B,48.526743854000,-121.431185531000,47573bfba8859ca7ce1d5e1c6442e0bb,106.11,NULL,"2023-10-13 19:23:00.000000",B,48.525937720000,-121.454601955000,56c09a9d533cd8ada1d7b36ab701a0f9,105.00,NULL,Construction,Open,"Until further notice, weekdays from 7 a.m. to 5:30 p.m. construction on SR 20 will alternate traffic from Marblemount to near Cascade Lane. The construction is expected to be completed at noon on Fridays.",Low,Northwest,"2025-02-05 21:22:14","2025-02-11 20:44:21"
580194,NULL,NULL,E,47.579097513000,-122.190627037000,8c1b67c61ad83ef21d0985bc790bc452,9.14,NULL,"2024-01-18 06:00:00.000000",E,47.577869379000,-122.207390078000,ab1bd0733f819ae467a4671c6b9a3838,8.35,NULL,Maintenance,Open,"Starting Sunday, March 17 on eastbound I-90 from East Mercer Way to Bellevue Way Southeast, a temporary lane-shift is in-place with a reduced speed limit to 45 mph due to a failing expansion joint until further notice.",Medium,Northwest,"2025-02-05 21:22:14","2025-02-11 20:44:21"
583671,NULL,"2026-02-22 13:00:00",W,47.579650228000,-122.151067673000,fe39187f07e55a2d6583c25fd3110aee,11.03,NULL,"2024-02-23 21:18:00.000000",W,47.580257883000,-122.178881386000,6cde466adfdc2a0fd9048311d99f5d53,9.72,NULL,Construction,Open,"The westbound I-90 HOV lane will close between I-405 and 142nd Place Southeast for up to two years starting at 9 p.m. Monday, Feb. 26.

The long-term closure of the 142nd Place Southeast HOV on-ramp to westbound I-90 begins at the same time. Signed detours will be available.",Medium,Northwest,"2025-02-05 21:22:14","2025-02-11 20:44:21"
584226,NULL,"2026-12-31 19:18:00",B,47.882385359000,-124.352948325000,ee4d8da0fd387fd67a3922d050bf540a,184.71,US-101,"2024-02-29 19:18:00.000000",B,47.879865594000,-124.350871070000,f343d7dfedffb62a14617c021386c868,184.51,US-101,Construction,Open,"Expect around-the-clock single-lane alternating traffic on US 101 at the Jefferson-Clallam county line. The speed limit is reduced to 25 mph between mileposts 184 and 185. Crews are building a bridge to improve fish passage in <a href="https://wsdot.wa.gov/construction-planning/search-projects/us-101-may-creek-vic-dowans-creek-rd-remove-fish-barrier">May Creek</a>.",Medium,Olympic,"2025-02-05 21:22:14","2025-02-11 20:44:21"
589521,NULL,"2025-04-01 05:00:00",B,0.000000000000,0.000000000000,b4b147bc522828731f1a016bfa72c073,0.00,I-5,"2025-01-07 18:25:00.000000",B,47.734493457000,-122.324923285000,a216fa992261777450aaa8feaf6b7492,174.61,I-5,Construction,Open,"A city of Shoreline project has reduced SR 523/Northeast 145th Street to one lane in each direction between First Avenue Northeast and I-5 through winter 2025. Project information: https://engage.shorelinewa.gov/145corridor.",Medium,Northwest,"2025-02-05 21:22:14","2025-02-11 20:44:21"
595398,NULL,"2025-09-30 22:05:00",B,48.061168350000,-124.152206272000,a23ecc38b54df76a33077c5cb832563a,209.88,US-101,"2024-05-02 22:05:00.000000",B,48.061818294000,-124.175522334000,6c35be50081f5edc4f2e6ef3c2c19211,208.80,US-101,Construction,Open,"Expect shifted lanes and a reduced 40 mph speed limit on US 101 east of Forks for a <a href="https://wsdot.wa.gov/construction-planning/search-projects/us-101-northwest-us-101-remove-fish-barriers">fish barrier removal project.</a>",Medium,Olympic,"2025-02-05 21:22:14","2025-02-11 20:44:21"
599536,NULL,NULL,B,46.726541279000,-122.976950025000,720d46102c18863d8c3ceaf9cf05439c,82.70,I-5,"2024-06-03 10:00:00.000000",B,46.642995293000,-122.953081815000,f2304463978bff657f874d69412ac5e6,76.20,I-5,Construction,Open,"Beginning Monday, June 3, and continuing until further notice: Travelers in both directions of I-5 between 13th Street (milepost 76) and Harrison Avenue (milepost 82) will encounter shoulder closures and slight delays along the following on-ramps: 

Northbound I-5 ramp meter locations
Exit 76 – 13th Street 
Exit 77 – State Route 6
Exit 79 – Chamber Way

Southbound I-5 ramp meter locations
Exit 77 – SR 6 
Exit 79 – Chamber Way
Exit 81 - SR 507 Mellen Street
Exit 82 - Harrison Avenue",Medium,Southwest,"2025-02-05 21:22:14","2025-02-11 20:44:21"
601301,NULL,NULL,B,0.000000000000,0.000000000000,b4b147bc522828731f1a016bfa72c073,0.00,US-12,"2024-06-16 07:06:00.000000",B,46.420180814000,-117.039884198000,589ac30ed83b5f1ae27c3684b7d3db64,434.00,US-12,Construction,Open,"Both directions Bridge Street (US-12) intersection of Diagonal Street and 2nd Street in Clarkston.  Until further notice, traffic will be reduced to a single lane in each direction 24 hours a day with no center turn lane. Local detours are in place.",Low,"South Central","2025-02-05 21:22:14","2025-02-11 20:44:21"
605117,NULL,NULL,B,48.493841392000,-121.639301611000,0a1108b35446ed817bc0720db79c14c6,95.29,NULL,"2024-07-12 19:10:00.000000",B,48.504224038000,-121.651423918000,7d177231c81362961959d4a4f1d97915,94.37,NULL,Construction,Open,"Until further notice, from 7 a.m. to 5:30 p.m. Monday through Friday, contractor crews will intermittently alternate traffic on State Route 20 east of Concrete between Sauk Store Road (milepost 94) and Hornbeck Lane (milepost 95) for road construction related to a fish passage project. The work is expected to end at noon on Fridays.",Low,Northwest,"2025-02-05 21:22:14","2025-02-11 20:44:21"
605780,NULL,NULL,B,0.000000000000,0.000000000000,b4b147bc522828731f1a016bfa72c073,0.00,SR-18,"2024-07-17 18:16:00.000000",B,47.508597707000,-121.883661480000,8ed7475026e7addda10ea336bf4fff29,27.88,SR-18,Construction,Open,"Beginning Wednesday, July 17, the center turn lane between eastbound and westbound SR 18 will be eliminated near the I-90 interchange and westbound lanes will be shifted to the left. This change will remain in effect until a new diverging interchange opens in late 2024. Drivers should remain distraction free and watch for vehicles yielding to on-coming traffic while they turn from the left lanes of eastbound and westbound SR 18 to the I-90 on-ramps.",Low,Northwest,"2025-02-05 21:22:14","2025-02-11 20:44:21"
608908,NULL,NULL,W,47.503275769000,-121.821618061000,25e53f87709b2d529636458a4d0477c0,29.00,NULL,"2024-08-06 21:43:00.000000",W,47.509641640000,-121.878584419000,f8d800fefe5ae5a13e26bba96adec54e,25.91,NULL,Construction,Open,"Expect congestion in the right lanes of westbound I-90 before the off-ramp to SR 18 (exit 25), especially during peak travel times. Plan for delays and consider alternate routes. The <a href="https://wsdot.wa.gov/construction-planning/search-projects/i-90-sr-18-interchange-improvements">I-90/SR 18 Interchange Improvements</a> project is building a diverging diamond interchange that will improve traffic flow in the area when it opens in late 2024.",Low,Northwest,"2025-02-05 21:22:14","2025-02-11 20:44:21"
619219,NULL,NULL,B,47.678713174000,-117.363494541000,899fe18ce69bc7eb82be1562d86fbf9c,80.00,UNKNOWN,"2024-10-11 15:31:00.000000",B,47.677765521000,-117.359909911000,fd749ed0c61c3fdb3974b4a6ff7e90a3,90.00,UNKNOWN,Construction,Open,"Upriver Drive will have intermittent single lane closures through the work zone. Watch for flaggers directing traffic through the area.",High,Eastern,"2025-02-05 21:22:14","2025-02-11 20:44:21"
619765,NULL,NULL,B,0.000000000000,0.000000000000,b4b147bc522828731f1a016bfa72c073,0.00,NULL,"2024-10-16 15:00:00.000000",B,48.863550014000,-121.679008516000,6eac3bea3c4e3371080410e6675c72eb,54.50,NULL,Closure,Open,"The final 2.7 miles of Mt. Baker Highway, referred to as the road to Artist Point (milepost 54) on State Route 542/Mount Baker Highway is closed for winter effective 8 a.m. on Oct. 16.

SR 542 remains open to up to this closure point. Winter recreationalists are encouraged to monitor conditions throughout the season.",Highest,Northwest,"2025-02-05 21:22:14","2025-02-11 20:44:21"
622483,NULL,NULL,B,46.915807987000,-121.378804930000,bbea8bc799c7372e6e895e42670438c4,77.00,SR-410,"2024-10-31 18:23:00.000000",B,46.986892186000,-121.534643131000,d4f1f178ab00e39b0e460074d9c6ce65,57.00,SR-410,"Pass Closure",Open,"SR 410 Chinook Pass is closed for the season due to adverse conditions and avalanche risk. Eastbound closure is at milepost 57, Crystal Mountain Boulevard, 12 miles west of the summit. Westbound closure is at milepost 77, Lodgepole Campground, 8 miles east of the summit.",High,"South Central","2025-02-05 21:22:14","2025-02-11 20:44:21"
622592,NULL,NULL,B,46.866219822000,-121.540326433000,c3847f034ba2199dbcf6793596141dcc,16.28,NULL,"2024-11-01 15:08:00.000000",B,46.685425099000,-121.578779227000,72fdf8aaa1c67458f7ab388c763d221b,0.00,NULL,Closure,Open,"SR 123 Cayuse Pass is now closed for the season between Crystal Mountain Boulevard and US 12 due to heavy snowfall and avalanche danger. The pass will reopen sometime in late spring 2025.",Highest,Northwest,"2025-02-05 21:22:14","2025-02-11 20:44:21"
624038,NULL,NULL,N,0.000000000000,0.000000000000,b4b147bc522828731f1a016bfa72c073,0.00,NULL,"2024-11-14 16:16:00.000000",N,47.712883459000,-121.168688932000,2080842380f7ceceedcaf9303a266b8a,58.00,NULL,"Rest Area",Open,"The Iron Goat rest area is closed for the winter.",Lowest,"North Central","2025-02-05 21:22:14","2025-02-11 20:44:21"
624039,NULL,NULL,N,0.000000000000,0.000000000000,b4b147bc522828731f1a016bfa72c073,0.00,NULL,"2024-11-14 16:21:00.000000",N,47.563196905000,-119.456137875000,86c707975867760b2bc48478465c0170,89.00,NULL,"Rest Area",Open,"The Blue Lake rest area is closed for the winter.",Lowest,"North Central","2025-02-05 21:22:14","2025-02-11 20:44:21"
624110,NULL,NULL,B,47.711148603000,-121.162760762000,05d83d0abd0fba291101bea2e6606636,58.30,NULL,"2024-11-14 22:05:00.000000",B,47.711148603000,-121.162760762000,05d83d0abd0fba291101bea2e6606636,58.30,NULL,"Rest Area",Open,"The Iron Goat rest area is closed for the winter.",Low,"North Central","2025-02-05 21:22:14","2025-02-11 20:44:21"
624112,Grant,NULL,B,47.569251504000,-119.448502175000,0f28d8f72c2f3055c9d5ccb1889103b3,89.56,NULL,"2024-11-15 00:00:00.000000",B,47.569251504000,-119.448502175000,0f28d8f72c2f3055c9d5ccb1889103b3,89.56,NULL,"Rest Area",Open,"The blue Lake rest area is closed for the winter.",Low,"North Central","2025-02-05 21:22:14","2025-02-11 20:44:21"
624246,NULL,NULL,B,48.726217349000,-121.063567097000,d3aec717cf64ce9dde52e862cc653632,134.00,NULL,"2024-11-15 23:50:00.000000",B,48.598437225000,-120.580070135000,91efdd431482415bf03f231a72684864,171.00,NULL,Closure,Open,"As of Nov. 18, SR 20 North Cascades Highway is closed for the season between Ross Dam trailhead (milepost 134) on the west side and Silver Star gate on the east side (milepost 171) due to adverse conditions and avalanche risk.",Highest,"North Central","2025-02-05 21:22:14","2025-02-11 20:44:21"
624453,NULL,"2025-05-31 15:00:00",B,0.000000000000,0.000000000000,b4b147bc522828731f1a016bfa72c073,0.00,NULL,"2024-11-18 16:44:00.000000",B,47.867724927000,-122.639241110000,209a66cfd43255dda28c28de46d77d1b,13.76,NULL,Construction,Open,"Crews are building a roundabout on SR 104 at Shine Road/Paradise Bay Road. Travelers will see shifted lanes, slower speeds and occasional one-way alternating traffic between 9 p.m. and 6 a.m. during the project.",High,Olympic,"2025-02-05 21:22:14","2025-02-11 20:44:21"
624587,NULL,NULL,B,0.000000000000,0.000000000000,b4b147bc522828731f1a016bfa72c073,0.00,NULL,"2024-11-15 20:56:00.000000",B,46.309917921000,-122.394897384000,83109c02d9f25d1600d5c6a93bf76c99,33.00,NULL,Closure,Open,"The SR 504 Forest Learning Center Rest Area will be closed for the annual winter closure until late March 2025.",Medium,Southwest,"2025-02-05 21:22:14","2025-02-11 20:44:21"
625012,NULL,"2025-02-28 23:00:00",B,48.321252974000,-124.461801876000,0420fe3e42be89796f3976d1ece0f23d,5.60,NULL,"2024-11-22 23:52:00.000000",B,48.321707016000,-124.463835266000,ddbc602bc2ac93107198e296360094e9,5.50,NULL,Construction,Open,"Around-the-clock alternating one-way traffic and a reduced speed limit of 25 mph in in place on SR 112 at milepost 5.5 until further notice.",Medium,Olympic,"2025-02-05 21:22:14","2025-02-11 20:44:21"
626158,Lincoln,NULL,B,47.433126691000,-117.793785086000,2d63444fd96e032e7993dc0a38eff9c5,257.42,NULL,"2025-02-06 02:35:00.000000",B,47.111077833000,-118.403449311000,fcd5a0f3badaaf154c967d837d40e323,220.10,NULL,"Road Report",Open,"I-90 from Ritzville to SR 904, road conditions:  Bare and wet, ice in places.",Low,Eastern,"2025-02-05 21:22:14","2025-02-11 20:44:21"
626159,Spokane,NULL,B,47.645344905000,-117.454060605000,364172943cf6dfa4cf0f1c66e057452b,279.20,NULL,"2025-02-06 04:30:00.000000",B,47.433126691000,-117.793785086000,2d63444fd96e032e7993dc0a38eff9c5,257.42,NULL,"Road Report",Open,"I-90 from SR 904 to US195, road conditions are:  bare and wet, with ice in places.",Low,Eastern,"2025-02-05 21:22:14","2025-02-11 20:44:21"
626160,Spokane,NULL,B,47.663761450000,-117.312807889000,6ee696ecf68b419d14ce376381a12cc6,286.24,NULL,"2025-02-06 02:28:00.000000",B,47.645344905000,-117.454060605000,364172943cf6dfa4cf0f1c66e057452b,279.20,NULL,"Road Report",Open,"I-90 from US195 to Broadway, road conditions are:  bare and wet with snow in places. ",Low,Eastern,"2025-02-05 21:22:14","2025-02-11 20:44:21"
626161,Spokane,NULL,B,47.696625598000,-117.041688607000,ef9c692ec14ff1d061bb1fa0f67d9d2a,299.82,NULL,"2025-02-06 02:30:00.000000",B,47.663761450000,-117.312807889000,6ee696ecf68b419d14ce376381a12cc6,286.24,NULL,"Road Report",Open,"I-90 from Broadway to the Idaho State Line, road conditions are:  bare and wet with snow in places.",Low,Eastern,"2025-02-05 21:22:14","2025-02-11 20:44:21"
626162,Whitman,NULL,B,46.738118033000,-117.227268231000,6b7f7142eb4a529b77ffad9409307833,22.53,NULL,"2025-02-06 04:25:00.000000",B,46.474311684000,-117.046253699000,c9401430ecd2e4492cf4c284c21cb061,0.00,NULL,"Road Report",Open,"US195 from Idaho State Line to Pullman, road conditions are:  bare and dry, wet in places.",Low,Eastern,"2025-02-05 21:22:14","2025-02-11 20:44:21"
626163,Whitman,NULL,B,47.253450503000,-117.361052472000,561dfa73b0968fd8c04cd23c7a67131e,65.78,NULL,"2025-02-06 02:30:00.000000",B,46.738118033000,-117.227268231000,6b7f7142eb4a529b77ffad9409307833,22.53,NULL,"Road Report",Open,"US195 from Pullman to Rosalia, road conditions are:  Bare and wet with snow in places.",Low,Eastern,"2025-02-05 21:22:14","2025-02-11 20:44:21"
626164,Spokane,NULL,B,47.587515659000,-117.403090177000,8ea23c50408eac0dc01851405756b81b,91.18,NULL,"2025-02-06 04:30:00.000000",B,47.253450503000,-117.361052472000,561dfa73b0968fd8c04cd23c7a67131e,65.78,NULL,"Road Report",Open,"US195 from Rosalia to Spokane, road conditions are:  Bare and dry, wet in places.",Medium,Eastern,"2025-02-05 21:22:14","2025-02-11 20:44:21"
626167,Spokane,NULL,B,47.990618569000,-117.541458147000,07f149759696c3f5e3abedefa10e7c8f,184.00,NULL,"2025-02-06 02:30:00.000000",B,47.745976519000,-117.411422132000,f0ec43d6e96d26511e7c43afc92badfb,164.96,NULL,"Road Report",Open,"US395 from Spokane to Clayton road conditions are:  Bare wet with snow and slush in places.",Low,Eastern,"2025-02-05 21:22:14","2025-02-11 20:44:21"
626168,Stevens,NULL,B,48.529307531000,-117.903215666000,30035a54e83066aa2a03c613ba1828ee,228.43,NULL,"2025-02-06 02:35:00.000000",B,47.990618569000,-117.541458147000,07f149759696c3f5e3abedefa10e7c8f,184.00,NULL,"Road Report",Open,"US395 from Clayton to Colville, road conditions are:  bare and wet with snow in places. ",Low,Eastern,"2025-02-05 21:22:14","2025-02-11 20:44:21"
626169,"Pend Oreille",NULL,B,48.173522490000,-117.066616315000,dd8faffa59c3516597611dff38796ccb,332.76,NULL,"2025-02-06 02:24:00.000000",B,47.751028683000,-117.400478580000,ca267373933a051eb1f973706a3db2d1,293.80,NULL,"Road Report",Open,"US2 from Spokane to Newport, road condition:  bare and wet with slush in places. ",Low,Eastern,"2025-02-05 21:22:14","2025-02-11 20:44:21"
626170,Spokane,NULL,B,47.633655685000,-117.480536912000,3ff341b2006ccaa7338404ed6fbb069a,283.17,NULL,"2025-02-06 02:25:00.000000",B,47.653668958000,-118.162197575000,dad6847e23360a405bcc20f004a45077,250.54,NULL,"Road Report",Open,"US2 from Davenport to I-90, road conditions are:  bare and wet with snow and slush in places.",Low,Eastern,"2025-02-05 21:22:14","2025-02-11 20:44:21"
626171,Adams,NULL,B,46.758850651000,-118.318717045000,e939e2cfe99cddd962a92a14bf4bc484,82.50,NULL,"2025-02-06 02:26:00.000000",B,46.791936981000,-118.739918005000,32e547f83710aeefa05e0dc554144111,61.50,NULL,"Road Report",Open,"SR26 from US395 to Washtucna, road conditions are: bare and wet with compact snow and slush in places.",Low,Eastern,"2025-02-05 21:22:14","2025-02-11 20:44:21"
626172,Whitman,NULL,B,46.890846035000,-117.364118933000,ed06be560aef42f2b27dd458c75a526d,133.50,NULL,"2025-02-06 04:58:00.000000",B,46.758378267000,-118.308224419000,31ce87a00155b8ed0db50d7771e33db4,83.00,NULL,"Road Report",Open,"SR26 from Washtucna to Colfax, road conditions are:  bare and wet to bare and dry.",Low,Eastern,"2025-02-05 21:22:14","2025-02-11 20:44:21"
626173,Ferry,NULL,B,0.000000000000,0.000000000000,b4b147bc522828731f1a016bfa72c073,0.00,NULL,"2025-02-06 02:35:00.000000",B,48.607128186000,-118.479803730000,c9e8604f9888f361b761be4bea251a84,319.45,NULL,"Pass Report",Open,"SR20 Sherman Pass conditions are: compact snow and ice. There are no restrictions at this time.",Medium,Eastern,"2025-02-05 21:22:14","2025-02-11 20:44:21"
626321,NULL,"2025-09-03 15:00:00",W,0.000000000000,0.000000000000,b4b147bc522828731f1a016bfa72c073,0.00,NULL,"2024-11-26 16:44:00.000000",W,47.505187244000,-122.648461759000,619bfbae5d3e8da6470e4c9b503f5049,25.43,NULL,Construction,Open,"On State Route 16 westbound at the Sedgwick Road interchange, traffic is now on a two-lane bypass. The bypass will remain in place through the summer of 2025. This is related to a fish barrier removal project <a href="https://wsdot.wa.gov/construction-planning/search-projects/sr-16-sr-160-kitsap-county-fish-passage-barriers-remove-fish-barriers">Blackjack Creek</a>.",Medium,Olympic,"2025-02-05 21:22:14","2025-02-11 20:44:21"
627390,NULL,"2025-03-31 16:27:00",B,47.768888142000,-121.077478103000,5b6313fb34152c96effa5d4a355a94be,66.44,NULL,"2024-12-07 17:27:00.000000",B,47.710853696000,-121.158527600000,35d7e016c46eb41989b4cbf5f0ae0c7e,58.50,NULL,Other,Open,"NO PARKING on US 2 Stevens Pass between milepost 58.50 and 66.40. Violators may be ticketed and/or towed.",Low,"North Central","2025-02-05 21:22:14","2025-02-11 20:44:21"
630888,NULL,"2025-02-06 23:00:00",B,46.369988500000,-122.573129179000,69a5e65502659883b8b6f3eeb90ff0b5,21.20,NULL,"2025-02-03 13:00:00.000000",B,46.361302375000,-122.673895651000,51c4be39603184e57f1b0bfa94bac28a,14.70,NULL,Maintenance,Open,"Monday, Feb. 3 to Thursday, Feb. 6: Travelers in both directions of SR 504, between the SR 505 interchange and the North Fork Toutle River, will alternate intermittently through a single lane with flaggers, daily from 8 a.m. to 3 p.m., for tree trimming near utility lines. Plan ahead and expect delays.",Lowest,Southwest,"2025-02-05 21:22:14","2025-02-11 20:44:21"
631745,NULL,"2026-12-31 18:36:00",N,0.000000000000,0.000000000000,b4b147bc522828731f1a016bfa72c073,0.00,US-101,"2025-01-13 18:36:00.000000",N,46.922830762000,-123.718605673000,b3c833b71a04e511091776861b94142c,77.30,US-101,Maintenance,Open,"The climbing lane on northbound US 101 approaching Cosi Hill is closed.",Medium,Olympic,"2025-02-05 21:22:14","2025-02-11 20:44:21"
632269,NULL,"2026-03-31 15:00:00",B,0.000000000000,0.000000000000,b4b147bc522828731f1a016bfa72c073,0.00,NULL,"2025-01-17 23:58:00.000000",B,47.107057244000,-122.219073353000,922e9f70999b87403629e83e28384e85,8.60,NULL,Construction,Open,"Intermittent traffic delays starting Jan. 21 on SR 162 between Lane Street NE and Old Pioneer Way NW in Orting for construction of the <a href="https://www.cityoforting.org/government/project-updates/emergency-evacuation-bridge">City of Orting Emergency Evacuation Bridge</a>.",Medium,Olympic,"2025-02-05 21:22:14","2025-02-11 20:44:21"
632835,NULL,NULL,B,47.504307562000,-121.884570895000,b217d2cfebe900d8186a8e4f07c06f0f,27.59,SR-18,"2025-01-29 13:00:00.000000",B,47.486733564000,-121.888301248000,cbd1faef7f2cec74cbd423319f7984fd,26.36,SR-18,Construction,Open,"Eastbound and westbound SR 18 will shift to the new westbound lanes between Raging River and Deep Creek to allow for rehab of the existing lanes. Please slow down and use caution in the transition areas.",Low,Northwest,"2025-02-05 21:22:14","2025-02-11 20:44:21"
632845,NULL,"2025-02-08 10:00:00",B,0.000000000000,0.000000000000,b4b147bc522828731f1a016bfa72c073,0.00,I-5,"2025-01-24 21:30:00.000000",B,48.093375615000,-122.184705574000,da2baffcc633944e2e089dd65b8a502c,202.00,I-5,Maintenance,Open,"From 9 p.m. Friday, Feb. 7 to 2 a.m. Saturday, Feb. 8, maintenance crews will close the center lanes of both directions of the 116th Street Northeast/Interstate 5 overpass in Marysville, leaving the right lane of both directions open. In addition, the eastbound 116th Street NE to northbound I-5 on-ramp; the westbound 116th Street NE to southbound I-5 on-ramp; the southbound I-5 off-ramp to eastbound 116th Street NE; and the northbound I-5 off-ramp to westbound 116th Street NE will close.",Medium,Northwest,"2025-02-05 21:22:14","2025-02-11 20:44:21"
634107,NULL,NULL,W,0.000000000000,0.000000000000,b4b147bc522828731f1a016bfa72c073,0.00,NULL,"2025-01-28 12:59:00.000000",W,46.631363242000,-120.517258144000,117eb64f98449f697fa7affc019871ee,30.80,NULL,Collision,Open,"Due to bridge damage from a collision, I-82 westbound will be reduced to two lanes across the Yakima River Bridge. This lane reduction will remain in effect for several weeks until repairs are completed.",High,"South Central","2025-02-05 21:22:14","2025-02-11 20:44:21"
634143,NULL,"2025-02-14 11:00:00",E,0.000000000000,0.000000000000,b4b147bc522828731f1a016bfa72c073,0.00,NULL,"2025-01-28 17:34:00.000000",E,47.018883972000,-123.350543655000,a1eab7d8bedc3b26d8f8008a0874161b,2.00,NULL,Construction,Open,"Effective Thursday, Jan. 30, until further notice, the RV dump station at the Elma Rest Area is closed.
The rest area will close around the clock to all travelers 8 a.m. Monday, Feb. 3, until 3 p.m. Friday, Feb. 14, to complete water system upgrades. <a href="https://wsdot.wa.gov/about/news/2025/elma-rest-area-grays-harbor-county-closes-complete-water-system-work-feb-3-14">Read the news release</a>.",Medium,Olympic,"2025-02-05 21:22:14","2025-02-11 20:44:21"
634304,NULL,"2025-02-07 20:00:00",N,0.000000000000,0.000000000000,b4b147bc522828731f1a016bfa72c073,0.00,I-5,"2025-01-30 16:51:00.000000",N,47.271047341000,-122.315912860000,070030efef6133b3e25222a0b2a092cd,140.65,I-5,Maintenance,Open,"From 8 a.m. Monday, Feb. 3 until noon Friday, Feb. 7, maintenance crews will close the SeaTac rest area in Federal Way on northbound Interstate 5 just south of State Route 18 for routine maintenance.",Low,Northwest,"2025-02-05 21:22:14","2025-02-11 20:44:21"
634334,NULL,"2025-02-06 19:58:00",N,47.434551224000,-122.295404965000,624a99db740733f7bcf4b82345c47325,18.35,NULL,"2025-01-30 23:58:00.000000",N,47.408235203000,-122.298154075000,1ddbaffa7d5709baa26e0b6c5e766d17,16.51,NULL,Construction,Open,"Sound Transit contractor crews will close the left lane on northbound SR 99 between South 216th Street and South 208th Street from 9 a.m. to 3 p.m. daily Tuesday, Feb. 4 through the afternoon of Thursday, Feb. 6.",Medium,Northwest,"2025-02-05 21:22:14","2025-02-11 20:44:21"
634337,NULL,"2025-02-07 23:00:00",W,0.000000000000,0.000000000000,b4b147bc522828731f1a016bfa72c073,0.00,SR-520,"2025-01-30 23:06:00.000000",W,47.669998679000,-122.107257427000,4a65836fdd5042f2d48aca82609b9afd,12.83,SR-520,Construction,Open,"Sound Transit contractor crews will close the right lane on westbound SR 202 at the SR 202/SR 520 interchange from 10 a.m. to 3 p.m. on Friday, Feb. 7.",Medium,Northwest,"2025-02-05 21:22:14","2025-02-11 20:44:21"
634339,NULL,"2025-02-07 13:00:00",S,0.000000000000,0.000000000000,b4b147bc522828731f1a016bfa72c073,0.00,I-5,"2025-01-31 00:16:00.000000",S,47.708569121000,-122.330140261000,4fde708cade02706cd84f074b60f0d8d,172.77,I-5,Construction,Open,"Sound Transit contractor crews will close the southbound I-5 off-ramp to eastbound Northgate Way from 11 p.m. to 5 a.m. nightly Wednesday, Feb. 5 through the morning of Friday, Feb. 7.",Medium,Northwest,"2025-02-05 21:22:14","2025-02-11 20:44:21"
634340,NULL,"2025-02-07 13:00:00",S,0.000000000000,0.000000000000,b4b147bc522828731f1a016bfa72c073,0.00,I-5,"2025-01-31 00:18:00.000000",S,47.708569121000,-122.330140261000,4fde708cade02706cd84f074b60f0d8d,172.77,I-5,Construction,Open,"Sound Transit contractor crews will close the westbound Northgate Way on-ramp to southbound I-5 from 11 p.m. to 5 a.m. nightly Wednesday, Feb. 5 through the morning of Friday, Feb. 7.",Medium,Northwest,"2025-02-05 21:22:14","2025-02-11 20:44:21"
634341,NULL,"2025-02-07 13:00:00",N,0.000000000000,0.000000000000,b4b147bc522828731f1a016bfa72c073,0.00,I-5,"2025-01-31 00:19:00.000000",N,47.767236610000,-122.322515152000,e8a7517c2cda166402e228e3e1cc7382,177.00,I-5,Construction,Open,"Sound Transit contractor crews will close the eastbound SR 104 on-ramp to northbound I-5 from 9 p.m. to 5 a.m. nightly Monday, Feb. 3 through the morning of Friday, Feb. 7.",Medium,Northwest,"2025-02-05 21:22:14","2025-02-11 20:44:21"
634400,NULL,"2025-02-08 14:00:00",B,47.644843573000,-122.347287785000,baf2d7dcf2baaebff2ed9c80419923c2,34.30,NULL,"2025-01-31 15:10:00.000000",B,47.575429198000,-122.339350818000,d01f0c1d8d716fb30787939f3aea5dfe,29.16,NULL,Maintenance,Open,"From 10 p.m. Friday, Feb. 7 until 6 a.m. Saturday, Feb. 8, crews will close both directions of the State Route 99 Tunnel in Seattle from just north of the West Seattle Bridge to just south of the Aurora Bridge for routine tunnel maintenance. Additionally, the Royal Brougham on-ramp to northbound SR 99 and the 6th Street on-ramp to southbound SR 99 will close an hour early at 9 p.m. on Friday, Feb. 7.",Low,Northwest,"2025-02-05 21:22:14","2025-02-11 20:44:21"
634401,NULL,"2025-02-06 22:00:00",E,0.000000000000,0.000000000000,b4b147bc522828731f1a016bfa72c073,0.00,SR-18,"2025-01-31 16:36:00.000000",E,47.303281025000,-122.176433186000,e1f1123d939596f3300d5c7e578775b0,6.69,SR-18,Maintenance,Open,"From 8 a.m. to 2 p.m. Thursday, Feb. 6, bridge crews will close the right lane of eastbound State Route 18 in Auburn across the Green River Bridge for routine bridge work.",Low,Northwest,"2025-02-05 21:22:14","2025-02-11 20:44:21"
634402,NULL,"2025-02-14 13:00:00",B,48.908102104000,-122.363368641000,3944af2c156a6ed109d9fb10edef3010,6.56,NULL,"2025-01-31 15:30:00.000000",B,48.891524784000,-122.397499590000,a5687c166faa3afab4f7990c5fcbba82,4.02,NULL,Construction,Open,"Nightly from 9 p.m. to 5 a.m. Monday, Feb. 3 to Friday morning, Feb. 7 and Monday, Feb. 10 to Friday morning, Feb. 14, utility crews will alternate traffic on State Route 544/East Pole Road in Everson between Noon Road (milepost 4) and Sable Drive (milepost 7).",Medium,Northwest,"2025-02-05 21:22:14","2025-02-11 20:44:21"
634404,NULL,"2025-02-08 21:00:00",N,0.000000000000,0.000000000000,b4b147bc522828731f1a016bfa72c073,0.00,NULL,"2025-02-03 16:43:00.000000",N,47.533835178000,-122.331649675000,f4052de1fd27a03de7ce2cff726a50f8,26.01,NULL,Maintenance,Open,"From 6:30 a.m. to 1 p.m. Saturday, Feb. 8, bridge crews will close the two right lanes of northbound State Route 99 in Seattle across the First Avenue Bridge for signage and lighting repairs.",Low,Northwest,"2025-02-05 21:22:14","2025-02-11 20:44:21"
634417,NULL,"2025-02-06 21:00:00",B,48.476424148000,-122.335597816000,ee101f4e8f7165a2dc880e632e6a98ea,60.17,NULL,"2025-01-31 17:31:00.000000",B,48.474824890000,-122.335601275000,bb0239fd67fe8fb4a0a37d5991f6474b,60.06,NULL,Maintenance,Open,"From 9 a.m. to 1 p.m. Thursday, Feb. 6, maintenance crews will close the center turn lanes of State Route 20 in Burlington between Washington Avenue and Victoria Avenue (milepost 60) for signal light maintenance.",Medium,Northwest,"2025-02-05 21:22:14","2025-02-11 20:44:21"
634419,NULL,"2025-02-07 12:00:00",S,47.758801145000,-122.184231751000,09b299ec92a79c9868e112c5948d2621,23.75,I-405,"2025-02-03 08:00:00.000000",S,47.805352308000,-122.227677357000,d9d96764a8aa4aeb55dd2eaef97bdabd,27.75,I-405,Construction,Open,"The two left general-purpose lanes of southbound I-405 from milepost 27.75 to milepost 23.75 will be closed nightly from 11 p.m. Monday, Feb. 3 to 4 a.m. Friday, Feb. 7.",Low,Northwest,"2025-02-05 21:22:14","2025-02-11 20:44:21"
634425,NULL,"2025-02-07 07:59:00",S,0.000000000000,0.000000000000,b4b147bc522828731f1a016bfa72c073,0.00,I-405,"2025-02-03 08:00:00.000000",S,47.758015511000,-122.184427516000,f7ee82dbd1ce980d0a0f2967c66890b1,23.67,I-405,Construction,Open,"The right lane of the southbound I-405 to westbound SR 522 off-ramp will be closed nightly from 10 p.m. to 11:59 p.m. on Monday, Feb. 3 to Thursday, Feb. 6.",Low,Northwest,"2025-02-05 21:22:14","2025-02-11 20:44:21"
634426,NULL,"2025-02-07 07:59:00",N,0.000000000000,0.000000000000,b4b147bc522828731f1a016bfa72c073,0.00,I-405,"2025-02-03 08:00:00.000000",N,47.769271903000,-122.189462012000,296b359bcce44dde000ffb981f01c3d7,24.52,I-405,Construction,Open,"The Northeast 195th Street to southbound I-405 on-ramp will be closed nightly from 10 p.m. to 11:59 p.m. on Monday, Feb. 3 to Thursday, Feb. 6.",Low,Northwest,"2025-02-05 21:22:14","2025-02-11 20:44:21"
634427,NULL,"2025-02-07 13:00:00",N,0.000000000000,0.000000000000,b4b147bc522828731f1a016bfa72c073,0.00,I-405,"2025-02-03 08:00:00.000000",N,47.757772860000,-122.184242587000,f7ee82dbd1ce980d0a0f2967c66890b1,23.67,I-405,Construction,Open,"The northbound I-405 to eastbound and westbound SR 522 off-ramp will be closed nightly from 11:59 p.m. Monday, Feb. 3 to 5 a.m. Friday, Feb. 7.",Low,Northwest,"2025-02-05 21:22:14","2025-02-11 20:44:21"
634428,NULL,"2025-02-07 13:00:00",N,0.000000000000,0.000000000000,b4b147bc522828731f1a016bfa72c073,0.00,I-405,"2025-02-03 08:00:00.000000",N,47.742729246000,-122.186905802000,71a16a264238fdf7d476bfc34024c016,22.61,I-405,Construction,Open,"The Northeast 160th Street to the eastbound and westbound SR 522 collector distributor ramp will be closed nightly from 11 p.m. Monday, Feb. 3 to 5 a.m. Friday, Feb. 7.",Low,Northwest,"2025-02-05 21:22:14","2025-02-11 20:44:21"
634429,NULL,"2025-02-07 12:30:00",N,0.000000000000,0.000000000000,b4b147bc522828731f1a016bfa72c073,0.00,I-405,"2025-02-03 08:00:00.000000",N,47.794994853000,-122.214176970000,22071fa03b229649e68037b42da477de,26.75,I-405,Construction,Open,"The northbound SR 527 to northbound I-405 on-ramp will be closed nightly from 11 p.m. Monday, Feb. 3 to 4:30 a.m. Friday, Feb. 7.",Low,Northwest,"2025-02-05 21:22:14","2025-02-11 20:44:21"
634439,NULL,"2025-02-07 12:00:00",S,0.000000000000,0.000000000000,b4b147bc522828731f1a016bfa72c073,0.00,I-405,"2025-02-03 08:00:00.000000",S,47.679470371000,-122.184684349000,879c54dfaa12e9d0eace5ddfb70e4320,18.14,I-405,Construction,Open,"Monday, Feb. 3 to the morning of Friday, Feb. 7: The southbound I-405 off-ramp to Northeast 85th Street will be closed nightly, from 10:00 p.m. – 4:00 a.m.",Low,Northwest,"2025-02-05 21:22:14","2025-02-11 20:44:21"
634441,NULL,"2025-02-08 02:05:00",B,47.245034201000,-122.336548488000,ff09b3df3712aa5a971363196120560b,1.18,NULL,"2025-01-31 21:45:00.000000",B,47.242887705000,-122.340425607000,0565e047fcd0fd31b3d893fee71f34e2,0.94,NULL,Construction,Open,"Monday, Feb. 3 through Friday, Feb. 7 - Both directions of SR 99 between Wapato Way and 70th Avenue East will be reduced to one lane daily. A southbound lane will be closed daily from 6 a.m. to 3 p.m. and the northbound will be closed daily from 9 a.m. to 6 p.m. Rain or snow could result in cancellation of the lane closures.",Low,Olympic,"2025-02-05 21:22:14","2025-02-11 20:44:21"
634451,NULL,"2025-02-07 00:30:00",B,46.762821143000,-122.192069878000,6a206907ff838041b66ded7f5f652a5c,16.80,NULL,"2025-02-03 13:00:00.000000",B,46.559042394000,-122.275261285000,be8e7cf417e1f0f8a6611c277867d4f1,0.50,NULL,Maintenance,Open,"Monday, Feb. 3 to Thursday, Feb. 6: Travelers in both directions of SR 7, between Fairhart Way and the SR 7/SR 706 interchange, will alternate intermittently through a single lane with flaggers, daily from 8 a.m. to 4:30 p.m., for utility line installation work. Plan for delays of up to 20 minutes when flaggers are present.",Medium,Southwest,"2025-02-05 21:22:14","2025-02-11 20:44:21"
634457,NULL,"2025-02-07 01:00:00",S,45.717514232000,-122.648779817000,5cfddbcb18644908e9bd432cf2fd0b30,36.70,I-205,"2025-02-03 13:00:00.000000",S,45.614165608000,-122.554341249000,3e4794ef29a58b8b3c156d94282f26dd,27.80,I-205,Construction,Open,"Monday, Feb. 3 to Thursday, Feb. 6: Travelers on southbound I-205 between Southeast 10th Street and Exit 36/Northeast 134th Street will encounter intermittent closures for electrical work, daily from 7 a.m. to 5 p.m. Closures will affect the following on- and off-ramps:

Northeast 134th Street
Westbound Padden Parkway
SR 500 
Northeast 18th Street
Mill Plain Boulevard
Fourth Plain Boulevard 

Plan ahead and expect delays.",Medium,Southwest,"2025-02-05 21:22:14","2025-02-11 20:44:21"
634680,NULL,"2025-02-08 13:00:00",N,47.828484395000,-122.209123254000,ab1eaf50f92563daa0fe0176d1b51e3e,5.06,NULL,"2025-02-03 14:43:00.000000",N,47.827070016000,-122.208697661000,562da76b96e95f570e3c28a6ff43307b,4.96,NULL,Maintenance,Open,"Nightly from 9 p.m. to 5 a.m. Sunday, Feb. 2 to Saturday morning, Feb. 8, crews will close the right two lanes of northbound State Route 527/Bothell Everett Highway in Bothell for roadwork. Crews will also shift the lanes.",Medium,Northwest,"2025-02-05 21:22:14","2025-02-11 20:44:21"
634683,NULL,"2025-02-14 23:00:00",N,0.000000000000,0.000000000000,b4b147bc522828731f1a016bfa72c073,0.00,NULL,"2025-02-03 15:18:00.000000",N,47.809444042000,-122.207646700000,a7aa9b9c9972caa96063527b608f30d2,3.74,NULL,Construction,Open,"Weekdays, from 9 a.m. to 3 p.m. Monday, Feb. 3 to Feb. 14, crews will close the right turn lane of northbound State Route 527 in Bothell at State Route 524/208th Street for utility work. Crews will also close one left turn lane of southbound State Route 527.",Low,Northwest,"2025-02-05 21:22:14","2025-02-11 20:44:21"
634684,NULL,"2025-02-06 13:00:00",B,0.000000000000,0.000000000000,b4b147bc522828731f1a016bfa72c073,0.00,NULL,"2025-02-03 15:32:00.000000",B,47.777769717000,-122.335313424000,40d6a091f31962491dec28c77659003f,28.83,NULL,Maintenance,Open,"From 9 p.m. Wednesday, Feb. 5 to 5 a.m. Thursday, Feb. 6, Ziply crews will close the center turn lane and the right lane of both directions of State Route 104 in Edmonds at 76th Avenue Northeast (milepost 29) for utility work. Crews will also have intermittent traffic holds.",Medium,Northwest,"2025-02-05 21:22:14","2025-02-11 20:44:21"
634696,King,"2025-02-10 17:11:00",N,47.266171366000,-122.320861607000,202e166ed8c6e5946c83b0764b2b25f5,140.24,I-5,"2025-02-03 17:10:00.000000",N,47.266171366000,-122.320861607000,202e166ed8c6e5946c83b0764b2b25f5,140.24,I-5,"Rest Area",Open,"From 8 a.m. Monday, Feb. 3 until noon Friday, Feb. 7, maintenance crews will close the SeaTac rest area in Federal Way on northbound Interstate 5 just south of State Route 18 for routine maintenance.",Medium,Northwest,"2025-02-05 21:22:14","2025-02-11 20:44:21"
634705,NULL,"2025-02-10 03:00:00",W,0.000000000000,0.000000000000,b4b147bc522828731f1a016bfa72c073,0.00,NULL,"2025-02-03 17:56:00.000000",W,47.593452960000,-122.312030263000,7abe04c585425421fa7586b0ec313501,3.00,NULL,Maintenance,Open,"Daily, from 5 a.m. to 7 p.m. Saturday, Feb 8, and Sunday, Feb.9, crews will close the westbound Interstate 90 off-ramp to Rainier Avenue in Seattle for utility work.",Low,Northwest,"2025-02-05 21:22:14","2025-02-11 20:44:21"
634713,NULL,"2025-02-08 13:00:00",N,47.226821541000,-122.247751690000,f6eea2a4a428ef09fed0b8766ca6b8e3,9.00,SR-167,"2025-02-03 08:00:00.000000",N,47.202490584000,-122.255891914000,0968f17d6816e2757ef8cb289b960325,7.10,SR-167,Construction,Open,"Monday, February 3 to the morning of Saturday, February 8: Up to two lanes of northbound SR 167 from SR 410 (milepost 7.1) to 24th Street East (milepost 9.0) will be closed nightly, from 7:00 p.m. – 5:00 a.m.",Medium,Northwest,"2025-02-05 21:22:14","2025-02-11 20:44:21"
634714,NULL,"2025-02-08 13:00:00",N,47.459493509000,-122.217152971000,853ee34c05a83eb83409253ed9df2ed1,25.70,SR-167,"2025-02-03 08:00:00.000000",N,47.270560640000,-122.260029105000,69f75e984a82f5e1ed7cc93ac7190a7a,12.10,SR-167,Construction,Open,"Monday, February 3 to the morning of Saturday, February 8: Up to two lanes of northbound SR 167 from 3rd Avenue Southwest (milepost 12.1) to I-405 (milepost 25.7) will be closed nightly, from 7:00 p.m. – 5:00 a.m.",Medium,Northwest,"2025-02-05 21:22:14","2025-02-11 20:44:21"
634715,NULL,"2025-02-08 13:00:00",S,47.383656361000,-122.244739575000,73993926bb1d378e5f9c57293b587188,20.00,SR-167,"2025-02-03 08:00:00.000000",S,47.463813716000,-122.218184711000,ad92f9bc47ecefcb294fe2edf4b095e6,26.00,SR-167,Construction,Open,"Monday, February 3 to the morning of Saturday, February 8: Up to two lanes of southbound SR 167 from I-405 (milepost 26.0) to Willis Street (milepost 20.0) will be closed nightly, from 9:00 p.m. – 5:00 a.m.",Medium,Northwest,"2025-02-05 21:22:14","2025-02-11 20:44:21"
634716,NULL,"2025-02-08 13:00:00",S,47.303477171000,-122.252203958000,f77fb1cd9b4a5f67a59fecaeb0006160,14.40,SR-167,"2025-02-03 08:00:00.000000",S,47.325751406000,-122.245140679000,5ad95229ca22c2d944a75e54578340e2,16.00,SR-167,Construction,Open,"Monday, February 3 to the morning of Saturday, February 8: Up to one lane of southbound SR 167 from 37th Street Northwest (milepost 16.0) to West Main Street (milepost 14.4) will be closed nightly, from 8:45 p.m. – 5:00 a.m.",Medium,Northwest,"2025-02-05 21:22:14","2025-02-11 20:44:21"
634717,NULL,"2025-02-08 13:00:00",S,47.267680754000,-122.261411069000,3aba5462cc34ee50cfc32a538cad2c36,11.90,SR-167,"2025-02-03 08:00:00.000000",S,47.276111775000,-122.258584114000,ca2b55a5fb2a39da3407fb52967074e6,12.50,SR-167,Construction,Open,"Monday, February 3 to the morning of Saturday, February 8: Up to one lane of southbound SR 167 from 15th Street Southwest (milepost 12.5) to 3rd Avenue Southwest (milepost 11.9) will be closed nightly, from 9:00 p.m. – 5:00 a.m.",Medium,Northwest,"2025-02-05 21:22:14","2025-02-11 20:44:21"
634719,NULL,"2025-02-06 13:00:00",S,0.000000000000,0.000000000000,b4b147bc522828731f1a016bfa72c073,0.00,SR-167,"2025-02-05 08:00:00.000000",S,47.469284307000,-122.218043174000,17dfb7dcf2d31453749af26ca301b51c,26.38,SR-167,Construction,Open,"Wednesday, February 5 to the morning of Thursday, February 6: The northbound I-405 ramp to southbound SR 167 will be closed nightly, from 11:00 p.m. – 5:00 a.m.",Low,Northwest,"2025-02-05 21:22:14","2025-02-11 20:44:21"
634721,NULL,"2025-02-08 13:00:00",S,0.000000000000,0.000000000000,b4b147bc522828731f1a016bfa72c073,0.00,SR-167,"2025-02-03 08:00:00.000000",S,47.412101900000,-122.220736210000,300862e00bd080eb69db125486d38b62,22.40,SR-167,Construction,Open,"Monday, February 3 to the morning of Saturday, February 8: The South 212th Street on-ramp to southbound SR 167 will be closed nightly, from 10:00 p.m. – 5:00 a.m.",Low,Northwest,"2025-02-05 21:22:14","2025-02-11 20:44:21"
634722,NULL,"2025-02-08 13:00:00",S,0.000000000000,0.000000000000,b4b147bc522828731f1a016bfa72c073,0.00,SR-167,"2025-02-03 08:00:00.000000",S,47.326335113000,-122.245130848000,5ad95229ca22c2d944a75e54578340e2,16.04,SR-167,Construction,Open,"Monday, February 3 to the morning of Saturday, February 8: The 15th Street Northwest on-ramp to southbound SR 167 will be closed nightly, from 10:00 p.m. – 5:00 a.m.",Low,Northwest,"2025-02-05 21:22:14","2025-02-11 20:44:21"
634723,NULL,"2025-02-08 13:00:00",S,0.000000000000,0.000000000000,b4b147bc522828731f1a016bfa72c073,0.00,SR-167,"2025-02-03 08:00:00.000000",S,47.326335113000,-122.245130848000,5ad95229ca22c2d944a75e54578340e2,16.04,SR-167,Construction,Open,"Monday, February 3 to the morning of Saturday, February 8: The southbound SR 167 off-ramp to 15th Street Northwest will be closed nightly, from 10:00 p.m. – 5:00 a.m.",Low,Northwest,"2025-02-05 21:22:14","2025-02-11 20:44:21"
634724,NULL,"2025-02-08 11:00:00",N,0.000000000000,0.000000000000,b4b147bc522828731f1a016bfa72c073,0.00,SR-167,"2025-02-03 08:00:00.000000",N,47.412106029000,-122.220464399000,c60a12e6056af3e0db92c90b34bc07e0,22.40,SR-167,Construction,Open,"Monday, February 3 to the morning of Saturday, February 8: The northbound SR 167 off-ramp to South 212th Street will be closed nightly, from 10:00 p.m. – 3:00 a.m.",Low,Northwest,"2025-02-05 21:22:14","2025-02-11 20:44:21"
634725,NULL,"2025-02-08 11:00:00",N,0.000000000000,0.000000000000,b4b147bc522828731f1a016bfa72c073,0.00,SR-167,"2025-02-03 08:00:00.000000",N,47.412106029000,-122.220464399000,c60a12e6056af3e0db92c90b34bc07e0,22.40,SR-167,Construction,Open,"Monday, February 3 to the morning of Saturday, February 8: The South 212th Street on-ramp to northbound SR 167 will be closed nightly, from 10:00 p.m. – 3:00 a.m.",Low,Northwest,"2025-02-05 21:22:14","2025-02-11 20:44:21"
634727,NULL,"2025-02-06 13:00:00",N,47.467403463000,-122.224654333000,e0f0d5cf61928e99e965a3bbcbcef79f,2.00,I-405,"2025-02-04 08:00:00.000000",N,47.461793951000,-122.254741283000,8384eed72c9c240ad85c46a28099755d,0.50,I-405,Construction,Open,"The left HOV lane of northbound I-405 from I-5 (milepost 0.5) to SR167 (milepost 2) will be closed nightly, 10 p.m. Tuesday, Feb. 4 – 5 a.m. Thursday, Feb. 6.",Low,Northwest,"2025-02-05 21:22:14","2025-02-11 20:44:21"
634728,NULL,"2025-02-07 12:00:00",N,47.483958118000,-122.196426083000,e0ede042dd9967fb24ee45e8f45cd46c,4.00,I-405,"2025-02-03 08:00:00.000000",N,47.461846593000,-122.255208143000,8384eed72c9c240ad85c46a28099755d,0.48,I-405,Construction,Open,"Up to three lanes of northbound I-405 from the northbound I-5 off-ramp (milepost 0.48) to the SR 169 off-ramp (milepost 4) will be closed overnight, 11:59 p.m. Monday, Feb 3 – 4 a.m. Tuesday, Feb. 4, and overnight, 11:59 p.m. Thursday, Feb. 6 – 4 a.m. Friday, Feb. 7.",Low,Northwest,"2025-02-05 21:22:14","2025-02-11 20:44:21"
634729,NULL,"2025-02-07 12:30:00",N,47.553544892000,-122.192449033000,4a546d1843ccb7161a6d6849d40d0be7,9.00,I-405,"2025-02-03 08:00:00.000000",N,47.511010471000,-122.198008762000,6b0fb13d2af7bae18b39e722dac951a7,6.00,I-405,Construction,Open,"Up to two lanes of northbound I-405 from milepost 6 to milepost 9 will be closed nightly, 9:15 p.m. Monday, Feb. 3 – 4:30 a.m. Friday, Feb. 7.",Medium,Northwest,"2025-02-05 21:22:14","2025-02-11 20:44:21"
634731,NULL,"2025-02-07 13:00:00",S,47.532629407000,-122.197421459000,46767caf0891d55734f2d07177df45f8,7.50,I-405,"2025-02-03 08:00:00.000000",S,47.553667350000,-122.192640092000,42aec503705c55245e982aff5398cac7,9.00,I-405,Construction,Open,"Up to two lanes of southbound I-405 from 112th Avenue Southeast (milepost 9) to Northeast 30th Street (milepost 7.5) will be closed nightly, 10:30 p.m. Monday, Feb. 3 – 5 a.m. Wednesday, Feb. 5, and overnight, 10:30 p.m. Thursday, Feb. 6 – 5 a.m. Friday, Feb. 7.",Low,Northwest,"2025-02-05 21:22:14","2025-02-11 20:44:21"
634732,NULL,"2025-02-06 13:30:00",S,47.518301608000,-122.198630649000,6172c5c3232c1152b42e385bae5b49c2,6.50,I-405,"2025-02-05 08:00:00.000000",S,47.525517129000,-122.197987818000,6de688e59f9a3dd340b39a68b33385ec,7.00,I-405,Construction,Open,"The HOV lane of southbound I-405 from 112th Avenue Southeast (milepost 7) to the Northeast 44th Street off-ramp (milepost 6.5) will be closed overnight, 10:30 p.m. Wednesday, Feb. 5 – 5:30 a.m. Thursday, Feb. 6.",Low,Northwest,"2025-02-05 21:22:14","2025-02-11 20:44:21"
634733,NULL,"2025-02-07 12:30:00",S,47.484053902000,-122.196649744000,4ee3e9159b5917951abb2975a832137f,4.00,I-405,"2025-02-03 08:00:00.000000",S,47.500402293000,-122.195996053000,09de6e38a0cfbff74ce04bdb7287abce,5.26,I-405,Construction,Open,"Up to two lanes of southbound I-405 from SR 900 (milepost 5.26) to Sunset Boulevard Northeast (milepost 4) will be closed nightly, 10:30 p.m. Monday, Feb. 3 – 4:30 a.m. Friday, Feb. 7.",Low,Northwest,"2025-02-05 21:22:14","2025-02-11 20:44:21"
634735,NULL,"2025-02-07 13:00:00",S,47.462675780000,-122.266144042000,c9e50eed82f7b0f8c7e9b30accfda193,0.00,I-405,"2025-02-03 08:00:00.000000",S,47.471342000000,-122.204799615000,11b499aad923fd3df243f930c77632df,3.00,I-405,Construction,Open,"The left HOV lane of southbound I-405 from Talbot Road South (milepost 3) to SR 181 (milepost 0) will be closed nightly, 10:15 p.m. Monday, Feb 3 – 5 a.m. Friday, Feb. 7.",Low,Northwest,"2025-02-05 21:22:14","2025-02-11 20:44:21"
634736,NULL,"2025-02-07 12:30:00",S,0.000000000000,0.000000000000,b4b147bc522828731f1a016bfa72c073,0.00,I-405,"2025-02-03 08:00:00.000000",S,47.467853603000,-122.219633095000,a8dc84120cc0a7ceaed675ad4af5eb3e,2.24,I-405,Construction,Open,"The southbound I-405 HOV off-ramp to southbound SR 167 will be closed nightly, 11:30 p.m. Monday, Feb. 3 – 4:30 a.m. Friday, Feb. 7. A signed detour will be in place.",Low,Northwest,"2025-02-05 21:22:14","2025-02-11 20:44:21"
634737,NULL,"2025-02-07 12:30:00",S,0.000000000000,0.000000000000,b4b147bc522828731f1a016bfa72c073,0.00,I-405,"2025-02-03 08:00:00.000000",S,47.493285075000,-122.192017792000,3f8b9542cd8f15c05f97ac7696878f12,4.75,I-405,Construction,Open,"The southbound I-405 off-ramp to North Southport Drive will be closed overnight, 9:30 p.m. Thursday, Feb. 6 – 4:30 a.m. Friday, Feb. 7. A signed detour will be in place.",Low,Northwest,"2025-02-05 21:22:14","2025-02-11 20:44:21"
634738,NULL,"2025-02-06 13:00:00",S,0.000000000000,0.000000000000,b4b147bc522828731f1a016bfa72c073,0.00,I-405,"2025-02-05 08:00:00.000000",S,47.567743606000,-122.180133574000,62bfc00a97528fe072cdfdd05097aba3,10.18,I-405,Construction,Open,"The southbound I-405 on-ramp from Coal Creek Parkway will be closed overnight, 9 p.m. Wednesday, Feb. 5 – 5 a.m. Thursday, Feb. 6. A signed detour will be in place.",Medium,Northwest,"2025-02-05 21:22:14","2025-02-11 20:44:21"
634739,NULL,"2025-02-07 12:15:00",N,0.000000000000,0.000000000000,b4b147bc522828731f1a016bfa72c073,0.00,I-405,"2025-02-03 08:00:00.000000",N,47.467670897000,-122.219599861000,a8dc84120cc0a7ceaed675ad4af5eb3e,2.24,I-405,Construction,Open,"The northbound I-405 on-ramp from northbound SR 167 will be closed overnight, 10:30 p.m. Monday, Feb. 3 – 4:15 a.m. Tuesday, Feb. 4, and overnight, 10:30 p.m. Thursday, Feb. 6 – 4:15 a.m. Friday, Feb. 7. A signed detour will be in place.",Low,Northwest,"2025-02-05 21:22:14","2025-02-11 20:44:21"
634741,NULL,"2025-02-07 13:00:00",N,0.000000000000,0.000000000000,b4b147bc522828731f1a016bfa72c073,0.00,I-405,"2025-02-03 08:00:00.000000",N,47.603953008000,-122.184537191000,c6ced067806f7666cc75e58ede0ebb33,12.84,I-405,Construction,Open,"The northbound I-405 on-ramp from Southeast Eighth Street will be closed nightly, 9 p.m. Monday, Feb. 3 – 5 a.m. Wednesday, Feb. 5, and overnight, 9 p.m. Thursday, Feb. 6 – 5 a.m. Friday, Feb. 7. A signed detour will be in place.",Medium,Northwest,"2025-02-05 21:22:14","2025-02-11 20:44:21"
634742,NULL,"2025-02-06 13:00:00",N,0.000000000000,0.000000000000,b4b147bc522828731f1a016bfa72c073,0.00,I-405,"2025-02-03 08:00:00.000000",N,47.518448297000,-122.198361337000,281fb5d215e3ac3cdf0a0e19b0b0cfac,6.51,I-405,Construction,Open,"The northbound I-405 on-ramp from Northeast 30th Street will be closed nightly, 9 p.m. Monday, Feb. 3 – 5 a.m. Thursday, Feb. 6. A signed detour will be in place.",Medium,Northwest,"2025-02-05 21:22:14","2025-02-11 20:44:21"
634744,NULL,"2025-02-07 13:00:00",N,0.000000000000,0.000000000000,b4b147bc522828731f1a016bfa72c073,0.00,I-405,"2025-02-04 08:00:00.000000",N,47.556913675000,-122.189986466000,50d695a2bdbf8448677cd6cfb922200f,9.26,I-405,Construction,Open,"The northbound I-405 off-ramp to 112th Avenue Southeast/ Lake Washington Boulevard will be closed overnight, 9 p.m. Tuesday, Feb. 4 – 5 a.m. Wednesday, Feb. 5, and overnight, 9 p.m. Thursday, Feb. 6 – 5 a.m. Friday, Feb. 7. A signed detour will be in place.",Medium,Northwest,"2025-02-05 21:22:14","2025-02-11 20:44:21"
634745,NULL,"2025-02-07 12:15:00",N,0.000000000000,0.000000000000,b4b147bc522828731f1a016bfa72c073,0.00,I-405,"2025-02-03 08:00:00.000000",N,47.468789988000,-122.208325906000,d8a3a59435dbdbc33c5e893f95ff35dd,2.77,I-405,Construction,Open,"The northbound I-405 on-ramp from Talbot Road South will be closed overnight, 10 p.m. Monday, Feb. 3 – 4:30 a.m. Tuesday, Feb. 4, and overnight, 10:30 p.m. Thursday, Feb. 6 – 4:15 a.m. Friday, Feb. 7. A signed detour will be in place.",Low,Northwest,"2025-02-05 21:22:14","2025-02-11 20:44:21"
634756,NULL,"2025-02-06 14:00:00",N,48.036248334000,-122.178110421000,1d11c43ec64ef0abca2d15efe34b6e17,198.00,I-5,"2025-02-03 22:00:00.000000",N,47.990357809000,-122.182586639000,a9edfb21c5cdb2ac3957b7f70e87ed79,194.69,I-5,Construction,Open,"Northbound I-5 will be reduced to two lanes nightly from 8 p.m. to 6 a.m. Monday night, Feb. 3, to Thursday morning, Feb. 6, from Marine View Drive to the Steamboat Slough overpass for construction.",Medium,Northwest,"2025-02-05 21:22:14","2025-02-11 20:44:21"
634758,NULL,"2025-02-08 14:00:00",N,47.990357809000,-122.182586639000,a9edfb21c5cdb2ac3957b7f70e87ed79,194.69,I-5,"2025-02-03 22:00:00.000000",N,47.964480799000,-122.199022046000,b8d6c5d95e21246e611fdb6072b60a0a,192.67,I-5,Construction,Open,"The left lane of northbound I-5 will be closed nightly from 8 p.m. to 7 a.m. Thursday night, Feb. 6, to Saturday morning, Feb. 8, from 41st Street to Marine View Drive for construction.",Low,Northwest,"2025-02-05 21:22:14","2025-02-11 20:44:21"
634759,NULL,"2025-02-06 12:30:00",S,48.021861555000,-122.175507853000,6d256fabbf4cfc18538d3a5c24e4278b,197.00,I-5,"2025-02-03 15:55:00.000000",S,48.050019788000,-122.184558703000,e904c15e72978dd70c7eab2fb372b8ef,199.00,I-5,Construction,Open,"The right lane of southbound I-5 and the exit to southbound SR 529 will be closed from 9 p.m. Wednesday, Feb. 5, to 4:30 a.m. Thursday, Feb. 6, for construction.",Medium,Northwest,"2025-02-05 21:22:14","2025-02-11 20:44:21"
634760,NULL,"2025-02-07 13:00:00",N,0.000000000000,0.000000000000,b4b147bc522828731f1a016bfa72c073,0.00,I-5,"2025-02-03 22:10:00.000000",N,47.734493457000,-122.324923285000,a216fa992261777450aaa8feaf6b7492,174.61,I-5,Construction,Open,"The northbound I-5 off-ramp to SR 523/North 145th Street will close night from 9 p.m. to 5 a.m. Monday night, Feb. 3, through Friday morning, Feb. 7, for construction of roundabouts at the I-5/North 145th interchange.",High,Northwest,"2025-02-05 21:22:14","2025-02-11 20:44:21"
634941,NULL,"2025-02-07 13:00:00",W,0.000000000000,0.000000000000,b4b147bc522828731f1a016bfa72c073,0.00,NULL,"2025-02-05 22:38:00.000000",W,47.508961594000,-121.884145454000,8ed7475026e7addda10ea336bf4fff29,25.65,NULL,Construction,Open,"The westbound I-90 off-ramp to SR 18/Snoqualmie Parkway (exit 25) will close from 9 p.m. Thursday, Feb. 6, to 5 a.m. Friday, Feb. 7, for barrier work. A signed detour will continue on westbound I-90, loop around at Preston/Fall City (exit 22) and use the eastbound I-90 off-ramp to SR 18.",Low,Northwest,"2025-02-05 21:22:14","2025-02-11 20:44:21"
634942,NULL,NULL,B,0.000000000000,0.000000000000,b4b147bc522828731f1a016bfa72c073,0.00,NULL,"2025-02-05 06:00:00.000000",B,48.885435235000,-118.601958717000,d91631e31f86770f312d01660163584f,181.31,NULL,"Bridge work",Open,"The Curlew Bridge (Ferry Street) over the Kettle River is currently due to damage sustained from a collision. The bridge is located just east of SR 21. SR 21 remains open and detour is possible via Boulder Creek Road approximately half mile to the south.",High,Eastern,"2025-02-05 21:22:14","2025-02-11 20:44:21"
634955,NULL,NULL,B,46.926189033000,-120.502415879000,6af605a65ca093508e2928c6449cfe28,25.00,NULL,"2025-02-06 03:23:00.000000",B,46.715651884000,-120.461118642000,8e0942b7be4e88df8a0c9fd922a610d8,3.00,NULL,"Traction Advisory",Open,"SR-821 Yakima River Canyon:  Traction tires advised; Oversize vehicles prohibited.",High,"South Central","2025-02-05 21:22:14","2025-02-11 20:44:21"
634958,NULL,NULL,N,0.000000000000,0.000000000000,b4b147bc522828731f1a016bfa72c073,0.00,I-5,"2025-02-06 04:14:00.000000",N,47.863759012000,-122.246339794000,de7ac3ae1ae63599ed45889ec44f3750,185.00,I-5,Collision,Open,"On I-5 northbound just south of 128th St SW (MP 185) there is a collision blocking the right lane.  The Incident Response Team and the State Patrol have arrived on the scene.",Highest,Northwest,"2025-02-05 21:22:14","2025-02-11 20:44:21"
634960,Jefferson,NULL,S,0.000000000000,0.000000000000,b4b147bc522828731f1a016bfa72c073,0.00,US-101,"2025-02-06 04:32:00.000000",S,47.738929426000,-122.880472535000,810f747dac8e0103ffd0d91e20676adc,303.09,US-101,"Trees down",Open,"Trees down on US 101 southbound at milepost 303.09 near Bee Mill Rd beginning at 8:32 pm on February 5, 2025 until further notice. The southbound lane is blocked.",Highest,Olympic,"2025-02-05 21:22:14","2025-02-11 20:44:21"
634962,Mason,NULL,B,0.000000000000,0.000000000000,b4b147bc522828731f1a016bfa72c073,0.00,US-101,"2025-02-06 04:52:00.000000",B,47.601900867000,-122.989972134000,6341d3c4e179a1ef6066c68af557e6c0,315.00,US-101,"Disabled vehicle",Open,"Disabled vehicle on US 101 both directions at milepost 315 near Webster Ln beginning at 8:52 pm on February 5, 2025 until further notice. The roadway is blocked.",Highest,Olympic,"2025-02-05 21:22:14","2025-02-11 20:44:21"
